ADDRESS,ALT_NAME,BEDS,CITY,COUNTRY,COUNTY,COUNTYFIPS,HELIPAD,ID,LATITUDE,LONGITUDE,NAICS_CODE,NAICS_DESC,NAME,OBJECTID,OWNER,POPULATION,SOURCE,SOURCEDATE,STATE,STATE_ID,STATUS,ST_FIPS,TELEPHONE,TRAUMA,TTL_STAFF,TYPE,VAL_DATE,VAL_METHOD,WEBSITE,ZIP,ZIP4,geometry,bbox
2600 HIGHWAY 118 NORTH,NOT AVAILABLE,25,ALPINE,USA,BREWSTER,48043,N,5479830,30.38394439,-103.6704807,622110,GENERAL MEDICAL AND SURGICAL HOSPITALS,BIG BEND REGIONAL MEDICAL CENTER,13929,PROPRIETARY,25,https://www.hhs.texas.gov/providers/health-care-facilities-regulation,459016192,TX,7119,OPEN,48,(432) 837-3447,LEVEL IV,-999,CRITICAL ACCESS,-1281971200,IMAGERY/OTHER,http://www.bigbendhealthcare.com,79830,NOT AVAILABLE,"b""\x00\x00\x00\x00\x01\xc0Y\xea\xe9'\xccL\xc8@>bJ-\xf6\x88`""","{'xmin': -103.67048067999997, 'ymin': 30.38394439000001, 'xmax': -103.67048067999997, 'ymax': 30.38394439000001}"
387 WEST I H 10,NOT AVAILABLE,25,FORT STOCKTON,USA,PECOS,48371,Y,19879735,30.90537931,-102.8804074,622110,GENERAL MEDICAL AND SURGICAL HOSPITALS,PECOS COUNTY MEMORIAL HOSPITAL,14287,GOVERNMENT - LOCAL,25,https://www.hhs.texas.gov/providers/health-care-facilities-regulation,459016192,TX,356,OPEN,48,(432) 336-4201,LEVEL IV,-999,CRITICAL ACCESS,420996096,IMAGERY/OTHER,NOT AVAILABLE,79735,NOT AVAILABLE,"b""\x00\x00\x00\x00\x01\xc0Y\xb8X\x98'S\xac@>\xe7\xc6\xf0>\xec\xd0""","{'xmin': -102.88040737, 'ymin': 30.90537931, 'xmax': -102.88040737, 'ymax': 30.90537931}"
2000 TRANSMOUNTAIN RD,NOT AVAILABLE,108,EL PASO,USA,EL PASO,48141,Y,169079911,31.90457448,-106.5649628,622110,GENERAL MEDICAL AND SURGICAL HOSPITALS,THE HOSPITALS OF PROVIDENCE TRANSMOUNTAIN CAMPUS,14411,PROPRIETARY,108,https://www.hhs.texas.gov/providers/health-care-facilities-regulation,459016192,TX,100376,OPEN,48,(915) 877-8136,LEVEL IV,-999,GENERAL ACUTE CARE,-1713128448,IMAGERY/OTHER,https://www.thehospitalsofprovidence.com/our-locations/transmountain-campus,79911,NOT AVAILABLE,b'\x00\x00\x00\x00\x01\xc0Z\xa4(Y\x90j\x18@?\xe7\x921pep',"{'xmin': -106.56496275999996, 'ymin': 31.904574480000008, 'xmax': -106.56496275999996, 'ymax': 31.904574480000008}"
2001 NORTH OREGON STREET,NOT AVAILABLE,480,EL PASO,USA,EL PASO,48141,Y,17979902,31.77100376,-106.4998734,622110,GENERAL MEDICAL AND SURGICAL HOSPITALS,THE HOSPITALS OF PROVIDENCE MEMORIAL CAMPUS,14407,PROPRIETARY,480,https://www.hhs.texas.gov/providers/health-care-facilities-regulation,459016192,TX,130,OPEN,48,(915) 577-6011,LEVEL III,-999,GENERAL ACUTE CARE,-1047803904,IMAGERY,http://www.sphn-pmh.com/en-us/pages/default.aspx,79902,NOT AVAILABLE,b'\x00\x00\x00\x00\x01\xc0Z\x9f\xfd\xed5\xf8\xe0@?\xc5`\x80\x9eK\x10',"{'xmin': -106.49987345, 'ymin': 31.771003760000042, 'xmax': -106.49987345, 'ymax': 31.771003760000042}"
4815 ALAMEDA AVENUE,NOT AVAILABLE,354,EL PASO,USA,EL PASO,48141,Y,17879998,31.77161109,-106.4353552,622110,GENERAL MEDICAL AND SURGICAL HOSPITALS,UNIVERSITY MEDICAL CENTER OF EL PASO,14434,NON-PROFIT,354,https://www.hhs.texas.gov/providers/health-care-facilities-regulation,459016192,TX,263,OPEN,48,(915) 544-1200,LEVEL I,-999,GENERAL ACUTE CARE,420996096,IMAGERY/OTHER,http://www.thomasoncares.org,79905,NOT AVAILABLE,b'\x00\x00\x00\x00\x01\xc0Z\x9b\xdc\xdc\x0e\x890@?\xc5\x88M\xec\xc7\xf0',"{'xmin': -106.4353552, 'ymin': 31.77161109000002, 'xmax': -106.4353552, 'ymax': 31.77161109000002}"
3280 JOE BATTLE BOULEVARD,NOT AVAILABLE,182,EL PASO,USA,EL PASO,48141,Y,19079938,31.79037063,-106.2645055,622110,GENERAL MEDICAL AND SURGICAL HOSPITALS,THE HOSPITALS OF PROVIDENCE EAST CAMPUS,14405,PROPRIETARY,182,https://www.hhs.texas.gov/providers/health-care-facilities-regulation,459016192,TX,8650,OPEN,48,(915) 832-2000,LEVEL III,-999,GENERAL ACUTE CARE,420996096,IMAGERY,https://www.thehospitalsofprovidence.com/our-locations/east-campus,79938,NOT AVAILABLE,b'\x00\x00\x00\x00\x01\xc0Z\x90\xed\xa8\x9a=\x84@?\xcaU\xba\xc7\x91\xb0',"{'xmin': -106.26450553000001, 'ymin': 31.79037063000004, 'xmax': -106.26450553000001, 'ymax': 31.79037063000004}"
2349 MEDICAL DRIVE,NOT AVAILABLE,25,PECOS,USA,REEVES,48389,Y,196785111,31.40129287,-103.5138951,622110,GENERAL MEDICAL AND SURGICAL HOSPITALS,REEVES REGIONAL HEALTH,16181,NOT AVAILABLE,25,https://www.hhs.texas.gov/providers/health-care-facilities-regulation,459016192,TX,100569,OPEN,48,(432) 447-3551,NOT AVAILABLE,-999,GENERAL ACUTE CARE,-1675951104,IMAGERY/OTHER,NOT AVAILABLE,79772,NOT AVAILABLE,b'\x00\x00\x00\x00\x01\xc0Y\xe0\xe3\xa8a\xef\x98@?f\xbb! -\xa0',"{'xmin': -103.51389512599997, 'ymin': 31.40129286800004, 'xmax': -103.51389512599997, 'ymax': 31.40129286800004}"
406 SOUTH GARY STREET,NOT AVAILABLE,25,MONAHANS,USA,WARD,48475,N,39079756,31.59378429,-102.8831868,622110,GENERAL MEDICAL AND SURGICAL HOSPITALS,WARD MEMORIAL HOSPITAL,14458,NON-PROFIT,25,https://www.hhs.texas.gov/providers/health-care-facilities-regulation,459016192,TX,468,OPEN,48,(432) 943-2511,LEVEL IV,-999,CRITICAL ACCESS,-11003904,IMAGERY,http://www.wardmemorial.org,79756,NOT AVAILABLE,"b'\x00\x00\x00\x00\x01\xc0Y\xb8\x86""\r\xc6\xe8@?\x98\x02?Jm\xc0'","{'xmin': -102.88318683, 'ymin': 31.59378429000003, 'xmax': -102.88318683, 'ymax': 31.59378429000003}"
500 W 4TH ST,NOT AVAILABLE,402,ODESSA,USA,ECTOR,48135,Y,196784843,31.8452597,-102.3736853,622110,GENERAL MEDICAL AND SURGICAL HOSPITALS,MEDICAL CENTER HOSPITAL,14170,NON-PROFIT,402,https://www.hhs.texas.gov/providers/health-care-facilities-regulation,459016192,TX,181,OPEN,48,(432) 640-2413,LEVEL III,-999,GENERAL ACUTE CARE,1033925632,IMAGERY/OTHER,NOT AVAILABLE,79761,NOT AVAILABLE,b'\x00\x00\x00\x00\x01\xc0Y\x97\xeau\xbf\x9f\xbc@?\xd8b\xf0\x90 \x80',"{'xmin': -102.37368529999998, 'ymin': 31.845259700000042, 'xmax': -102.37368529999998, 'ymax': 31.845259700000042}"
520 EAST SIXTH STREET,NOT AVAILABLE,211,ODESSA,USA,ECTOR,48135,Y,40579760,31.85172847,-102.364203,622110,GENERAL MEDICAL AND SURGICAL HOSPITALS,ODESSA REGIONAL MEDICAL CENTER,14253,PROPRIETARY,211,https://www.hhs.texas.gov/providers/health-care-facilities-regulation,459016192,TX,425,OPEN,48,(432) 582-8000,LEVEL IV,-999,GENERAL ACUTE CARE,420996096,IMAGERY/OTHER,NOT AVAILABLE,79761,NOT AVAILABLE,b'\x00\x00\x00\x00\x01\xc0Y\x97O\x1a$C\x80@?\xda\n\xe0\x83\xb8\xe0',"{'xmin': -102.36420300999998, 'ymin': 31.851728470000012, 'xmax': -102.36420300999998, 'ymax': 31.851728470000012}"
400 ROSALIND REDFERN GROVER PKWY,NOT AVAILABLE,540,MIDLAND,USA,MIDLAND,48329,Y,38179701,31.99592009,-102.0995033,622110,GENERAL MEDICAL AND SURGICAL HOSPITALS,MIDLAND MEMORIAL HOSPITAL,14225,NON-PROFIT,540,https://www.hhs.texas.gov/providers/health-care-facilities-regulation,459016192,TX,452,OPEN,48,(432) 221-1111,LEVEL III,-999,GENERAL ACUTE CARE,-11003904,IMAGERY,NOT AVAILABLE,79701,NOT AVAILABLE,b'\x00\x00\x00\x00\x01\xc0Y\x86^C!\x92\xcc@?\xfe\xf4\x9ew\xfa\xc0',"{'xmin': -102.09950330999999, 'ymin': 31.995920090000027, 'xmax': -102.09950330999999, 'ymax': 31.995920090000027}"
600 EAST I 20,NOT AVAILABLE,18,STANTON,USA,MARTIN,48317,Y,79079782,32.13981746,-101.7875197,622110,GENERAL MEDICAL AND SURGICAL HOSPITALS,MARTIN COUNTY HOSPITAL DISTRICT,14165,GOVERNMENT - LOCAL,18,https://www.hhs.texas.gov/providers/health-care-facilities-regulation,459016192,TX,100145,OPEN,48,(432) 607-3200,NOT AVAILABLE,-999,CRITICAL ACCESS,-1965884416,IMAGERY,NOT AVAILABLE,79782,NOT AVAILABLE,b'\x00\x00\x00\x00\x01\xc0Yrf\xb9\x11\xd9\xf0@@\x11\xe5\x89\xdd\x0e\x10',"{'xmin': -101.78751970999997, 'ymin': 32.13981746000002, 'xmax': -101.78751970999997, 'ymax': 32.13981746000002}"
412 MUSTANG AVENUE,NOT AVAILABLE,24,DENVER CITY,USA,YOAKUM,48501,Y,16579323,32.96857601,-102.8358621,622110,GENERAL MEDICAL AND SURGICAL HOSPITALS,YOAKUM COUNTY HOSPITAL,14476,GOVERNMENT - LOCAL,24,https://www.hhs.texas.gov/providers/health-care-facilities-regulation,459016192,TX,485,OPEN,48,(806) 592-2121,LEVEL IV,-999,CRITICAL ACCESS,-1134203904,IMAGERY/OTHER,NOT AVAILABLE,79323,NOT AVAILABLE,b'\x00\x00\x00\x00\x01\xc0Y\xb5~\xc3\xbf\xdd\xd0@@{\xfaLwQ\xf8',"{'xmin': -102.83586209999999, 'ymin': 32.96857601000005, 'xmax': -102.83586209999999, 'ymax': 32.96857601000005}"
209 NW 8TH STREET,NOT AVAILABLE,33,SEMINOLE,USA,GAINES,48165,Y,48479360,32.72162797,-102.6548789,622110,GENERAL MEDICAL AND SURGICAL HOSPITALS,MEMORIAL HOSPITAL,14200,NON-PROFIT,33,https://www.hhs.texas.gov/providers/health-care-facilities-regulation,459016192,TX,113,OPEN,48,(432) 758-5811,LEVEL IV,-999,CRITICAL ACCESS,75396096,IMAGERY,NOT AVAILABLE,79360,NOT AVAILABLE,b'\x00\x00\x00\x00\x01\xc0Y\xa9\xe9\x89\x05\xa2\xac@@\\^N)\x83\xb8',"{'xmin': -102.65487886, 'ymin': 32.72162797000004, 'xmax': -102.65487886, 'ymax': 32.72162797000004}"
1900 COLLEGE AVENUE,NOT AVAILABLE,48,LEVELLAND,USA,HOCKLEY,48219,Y,34179336,33.57268652,-102.3688972,622110,GENERAL MEDICAL AND SURGICAL HOSPITALS,COVENANT HOSPITAL LEVELLAND,14009,NON-PROFIT,48,https://www.hhs.texas.gov/providers/health-care-facilities-regulation,459016192,TX,307,OPEN,48,(806) 894-4963,LEVEL IV,-999,GENERAL ACUTE CARE,420996096,IMAGERY,http://www.covenanthospitallevelland.com/,79336,NOT AVAILABLE,"b'\x00\x00\x00\x00\x01\xc0Y\x97\x9c\x03\x0b""H@@\xc9M\xca\xb9!P'","{'xmin': -102.36889721, 'ymin': 33.57268652000005, 'xmax': -102.36889721, 'ymax': 33.57268652000005}"
2600 LOCKWOOD,NOT AVAILABLE,24,TAHOKA,USA,LYNN,48305,Y,52779373,33.16728156,-101.8161512,622110,GENERAL MEDICAL AND SURGICAL HOSPITALS,LYNN COUNTY HOSPITAL DISTRICT,14164,GOVERNMENT - LOCAL,24,https://www.hhs.texas.gov/providers/health-care-facilities-regulation,459016192,TX,192,OPEN,48,(806) 998-4533,LEVEL IV,-999,CRITICAL ACCESS,420996096,IMAGERY/OTHER,NOT AVAILABLE,79373,NOT AVAILABLE,"b'\x00\x00\x00\x00\x01\xc0Yt;\xd2^\\,@@\x95i{n\xb6H'","{'xmin': -101.81615123, 'ymin': 33.16728156000005, 'xmax': -101.81615123, 'ymax': 33.16728156000005}"
4015 22ND PLACE,NOT AVAILABLE,227,LUBBOCK,USA,LUBBOCK,48303,Y,35579408,33.57340325,-101.900592,622110,"CHILDREN'S HOSPITALS, GENERAL",COVENANT CHILDRENS HOSPITAL,14008,NON-PROFIT,227,https://www.hhs.texas.gov/providers/health-care-facilities-regulation,459016192,TX,8638,OPEN,48,(806) 725-7960,LEVEL II,-999,CHILDREN,420996096,IMAGERY/OTHER,NOT AVAILABLE,79410,NOT AVAILABLE,b'\x00\x00\x00\x00\x01\xc0Yy\xa3L\xc0\xf8\xd8@@\xc9eG\x17\x15\xc8',"{'xmin': -101.90059202999998, 'ymin': 33.57340325000001, 'xmax': -101.90059202999998, 'ymax': 33.57340325000001}"
3815 20TH STREET,NOT AVAILABLE,56,LUBBOCK,USA,LUBBOCK,48303,N,35979410,33.5766576,-101.8970615,622310,SPECIALTY (EXCEPT PSYCHIATRIC AND SUBSTANCE ABUSE) HOSPITALS,COVENANT SPECIALTY HOSPITAL,14012,PROPRIETARY,56,https://www.hhs.texas.gov/providers/health-care-facilities-regulation,459016192,TX,8462,OPEN,48,(806) 725-9200,NOT AVAILABLE,-999,LONG TERM CARE,420996096,IMAGERY/OTHER,http://www.covenanthealth.org/view/facilities/specialty_hospital,79410,NOT AVAILABLE,b'\x00\x00\x00\x00\x01\xc0Yyit\xc3v`@@\xc9\xcf\xea\x8e~\xb8',"{'xmin': -101.89706152999997, 'ymin': 33.57665760000003, 'xmax': -101.89706152999997, 'ymax': 33.57665760000003}"
3615 19TH STREET,NOT AVAILABLE,381,LUBBOCK,USA,LUBBOCK,48303,Y,35279408,33.57693913,-101.891995,622110,GENERAL MEDICAL AND SURGICAL HOSPITALS,COVENANT MEDICAL CENTER,14011,NON-PROFIT,381,https://www.hhs.texas.gov/providers/health-care-facilities-regulation,459016192,TX,100454,OPEN,48,(806) 725-0000,LEVEL II,-999,GENERAL ACUTE CARE,420996096,IMAGERY/OTHER,http://www.covenanthealth.org,79410,NOT AVAILABLE,b'\x00\x00\x00\x00\x01\xc0Yy\x16r]?\xa0@@\xc9\xd9$3\x91\x00',"{'xmin': -101.89199503999998, 'ymin': 33.57693913000003, 'xmax': -101.89199503999998, 'ymax': 33.57693913000003}"
602 INDIANA AVENUE,NOT AVAILABLE,495,LUBBOCK,USA,LUBBOCK,48303,Y,35479415,33.58796714,-101.8912985,622110,GENERAL MEDICAL AND SURGICAL HOSPITALS,UNIVERSITY MEDICAL CENTER,14433,NON-PROFIT,495,https://www.hhs.texas.gov/providers/health-care-facilities-regulation,459016192,TX,145,OPEN,48,(806) 775-8200,LEVEL I,-999,GENERAL ACUTE CARE,420996096,IMAGERY,http://www.umchealthsystem.com,79415,NOT AVAILABLE,b'\x00\x00\x00\x00\x01\xc0Yy\x0b\x08\xe7\xdb\x18@@\xcbB\x81\xda\xb6 ',"{'xmin': -101.89129850999996, 'ymin': 33.587967140000046, 'xmax': -101.89129850999996, 'ymax': 33.587967140000046}"
128 NORTH FM ROAD 3167,NOT AVAILABLE,48,RIO GRANDE CITY,USA,STARR,48427,Y,44478582,26.37643211,-98.85835917,622110,GENERAL MEDICAL AND SURGICAL HOSPITALS,STARR COUNTY MEMORIAL HOSPITAL,14351,GOVERNMENT - LOCAL,48,https://www.hhs.texas.gov/providers/health-care-facilities-regulation,459016192,TX,393,OPEN,48,(956) 487-5561,LEVEL IV,-999,GENERAL ACUTE CARE,75396096,IMAGERY/OTHER,http://www.starrcountyhospital.com,78582,NOT AVAILABLE,b'\x00\x00\x00\x00\x01\xc0X\xb6\xef[L\xd7\xc8@:`]\xda\xd1\x9dP',"{'xmin': -98.85835916999997, 'ymin': 26.376432110000053, 'xmax': -98.85835916999997, 'ymax': 26.376432110000053}"
1700 EAST SAUNDERS STREET,NOT AVAILABLE,326,LAREDO,USA,WEBB,48479,Y,33878044,27.53285976,-99.47829169,622110,GENERAL MEDICAL AND SURGICAL HOSPITALS,LAREDO MEDICAL CENTER,14145,PROPRIETARY,326,https://www.hhs.texas.gov/providers/health-care-facilities-regulation,459016192,TX,207,OPEN,48,(956) 796-5000,LEVEL III,-999,GENERAL ACUTE CARE,420996096,IMAGERY/OTHER,http://www.laredomedical.com,78041,NOT AVAILABLE,b'\x00\x00\x00\x00\x01\xc0X\xde\x9cT\xbf\x9f\xe8@;\x88i\x7fJ\x8d\xf0',"{'xmin': -99.47829168999999, 'ymin': 27.532859760000008, 'xmax': -99.47829168999999, 'ymax': 27.532859760000008}"
230 CALLE DEL NORTE,NOT AVAILABLE,12,LAREDO,USA,WEBB,48479,N,82178041,27.55637042,-99.49195932,622310,"REHABILITATION HOSPITALS (EXCEPT ALCOHOLISM, DRUG ADDICTION)",PROVIDENCE HOSPITAL,14294,PROPRIETARY,12,https://www.hhs.texas.gov/providers/health-care-facilities-regulation,459016192,TX,301,OPEN,48,(956) 693-5000,NOT AVAILABLE,-999,REHABILITATION,-1188284416,IMAGERY/OTHER,http://www.doctorshosplaredo.com/hospital-services/doctors-hospital-of-laredo-clinics/rehabilitation-at-providence-health-center,78041,NOT AVAILABLE,b'\x00\x00\x00\x00\x01\xc0X\xdf|B\xf1\x970@;\x8enJ\xb6\\\xa0',"{'xmin': -99.49195931999998, 'ymin': 27.556370420000007, 'xmax': -99.49195931999998, 'ymax': 27.556370420000007}"
10700 MCPHERSON ROAD,NOT AVAILABLE,171,LAREDO,USA,WEBB,48479,Y,33378045,27.60691448,-99.47847561,622110,GENERAL MEDICAL AND SURGICAL HOSPITALS,DOCTORS HOSPITAL OF LAREDO,14028,PROPRIETARY,171,https://www.hhs.texas.gov/providers/health-care-facilities-regulation,459016192,TX,301,OPEN,48,(956) 523-2000,LEVEL III,-999,GENERAL ACUTE CARE,420996096,IMAGERY,http://www.doctorshosplaredo.com,78045,NOT AVAILABLE,b'\x00\x00\x00\x00\x01\xc0X\xde\x9fX*8\x8c@;\x9b^\xbfS\x11\xa0',"{'xmin': -99.47847560999998, 'ymin': 27.60691448, 'xmax': -99.47847560999998, 'ymax': 27.60691448}"
100A E ALTON GLOOR BLVD,NOT AVAILABLE,214,BROWNSVILLE,USA,CAMERON,48061,Y,9178523,25.97761299,-97.51480112,622110,GENERAL MEDICAL AND SURGICAL HOSPITALS,VALLEY REGIONAL MEDICAL CENTER,14450,PROPRIETARY,214,https://www.hhs.texas.gov/providers/health-care-facilities-regulation,459016192,TX,19,OPEN,48,(956) 350-7000,LEVEL III,-999,GENERAL ACUTE CARE,420996096,IMAGERY/OTHER,http://www.valleyregionalmedicalcenter.com,78526,NOT AVAILABLE,b'\x00\x00\x00\x00\x01\xc0X`\xf2\x80e\x96\x04@9\xfaD\xd8L1\xe0',"{'xmin': -97.51480111999996, 'ymin': 25.97761299000001, 'xmax': -97.51480111999996, 'ymax': 25.97761299000001}"
101 E RIDGE ROAD,NOT AVAILABLE,320,MCALLEN,USA,HIDALGO,48215,Y,37278503,26.18636249,-98.22077377,622110,GENERAL MEDICAL AND SURGICAL HOSPITALS,RIO GRANDE REGIONAL HOSPITAL,14303,PROPRIETARY,320,https://www.hhs.texas.gov/providers/health-care-facilities-regulation,459016192,TX,601,OPEN,48,(956) 632-6000,LEVEL III,-999,GENERAL ACUTE CARE,-11003904,IMAGERY,NOT AVAILABLE,78503,NOT AVAILABLE,b'\x00\x00\x00\x00\x01\xc0X\x8e!(N}\xbc@:/\xb5s\xbf\xc0P',"{'xmin': -98.22077377, 'ymin': 26.186362490000022, 'xmax': -98.22077377, 'ymax': 26.186362490000022}"
900 SOUTH BRYAN ROAD,NOT AVAILABLE,297,MISSION,USA,HIDALGO,48215,Y,38978572,26.1963482,-98.31431722,622110,GENERAL MEDICAL AND SURGICAL HOSPITALS,MISSION REGIONAL MEDICAL CENTER,14226,NON-PROFIT,297,https://www.hhs.texas.gov/providers/health-care-facilities-regulation,459016192,TX,370,OPEN,48,(956) 323-9103,LEVEL IV,-999,GENERAL ACUTE CARE,420996096,IMAGERY,http://www.missionrmc.org,78572,NOT AVAILABLE,b'\x00\x00\x00\x00\x01\xc0X\x94\x1d\xc5\xf9\x1e\x0c@:2C\xe0)\xa0\xf0',"{'xmin': -98.31431721999996, 'ymin': 26.196348200000045, 'xmax': -98.31431721999996, 'ymax': 26.196348200000045}"
2102 WEST TRENTON ROAD,NOT AVAILABLE,134,EDINBURG,USA,HIDALGO,48215,N,78478503,26.26204925,-98.1903686,622210,PSYCHIATRIC AND SUBSTANCE ABUSE HOSPITALS,SOUTH TEXAS HEALTH SYSTEM BEHAVIORAL,14328,PROPRIETARY,134,https://www.hhs.texas.gov/providers/health-care-facilities-regulation,459016192,TX,140,OPEN,48,(956) 388-1300,NOT AVAILABLE,-999,SPECIAL,-2052284416,IMAGERY,NOT AVAILABLE,78503,NOT AVAILABLE,b'\x00\x00\x00\x00\x01\xc0X\x8c.\xff\xc7\xcb\xdc@:C\x15\xa8\xde\xb1\x00',"{'xmin': -98.1903686, 'ymin': 26.262049250000018, 'xmax': -98.1903686, 'ymax': 26.262049250000018}"
1401 EAST EIGHTH STREET,NOT AVAILABLE,227,WESLACO,USA,HIDALGO,48215,Y,56278599,26.1532284,-97.97761937,622110,GENERAL MEDICAL AND SURGICAL HOSPITALS,KNAPP MEDICAL CENTER,14137,NON-PROFIT,227,https://www.hhs.texas.gov/providers/health-care-facilities-regulation,459016192,TX,480,OPEN,48,(956) 968-8567,LEVEL III,-999,GENERAL ACUTE CARE,420996096,IMAGERY/OTHER,NOT AVAILABLE,78596,NOT AVAILABLE,"b""\x00\x00\x00\x00\x01\xc0X~\x91P\xd5\x85\x80@:'9\xf9\xf6\xd1\x90""","{'xmin': -97.97761936999996, 'ymin': 26.153228400000046, 'xmax': -97.97761936999996, 'ymax': 26.153228400000046}"
1311 EAST GENERAL CAVAZOS BOULEVARD,NOT AVAILABLE,96,KINGSVILLE,USA,KLEBERG,48273,Y,32778364,27.49007281,-97.85065378,622110,GENERAL MEDICAL AND SURGICAL HOSPITALS,CHRISTUS SPOHN HOSPITAL KLEBERG,13975,NON-PROFIT,96,https://www.hhs.texas.gov/providers/health-care-facilities-regulation,459016192,TX,216,OPEN,48,(361) 595-1661,LEVEL IV,-999,GENERAL ACUTE CARE,420996096,IMAGERY/OTHER,NOT AVAILABLE,78363,NOT AVAILABLE,b'\x00\x00\x00\x00\x01\xc0Xvq\x1c\x8dTd@;}uic\x9b\xe0',"{'xmin': -97.85065377999996, 'ymin': 27.490072810000015, 'xmax': -97.85065377999996, 'ymax': 27.490072810000015}"
2500 EAST MAIN STREET,NOT AVAILABLE,135,ALICE,USA,JIM WELLS,48249,Y,378332,27.76401647,-98.04172626,622110,GENERAL MEDICAL AND SURGICAL HOSPITALS,CHRISTUS SPOHN HOSPITAL ALICE,13970,NON-PROFIT,135,https://www.hhs.texas.gov/providers/health-care-facilities-regulation,459016192,TX,6894,OPEN,48,(361) 661-8015,LEVEL IV,-999,GENERAL ACUTE CARE,420996096,IMAGERY,http://www.christusspohn.org/locations_alice.htm,78332,NOT AVAILABLE,b'\x00\x00\x00\x00\x01\xc0X\x82\xab\xa4\x9e\x85d@;\xc3\x96\x95XA`',"{'xmin': -98.04172625999996, 'ymin': 27.76401647, 'xmax': -98.04172625999996, 'ymax': 27.76401647}"
2606 HOSPITAL BOULEVARD,NOT AVAILABLE,100,CORPUS CHRISTI,USA,NUECES,48355,Y,12478412,27.7798902,-97.4163649,622110,GENERAL MEDICAL AND SURGICAL HOSPITALS,CHRISTUS SPOHN HOSPITAL CORPUS CHRISTI,13972,NON-PROFIT,100,https://www.hhs.texas.gov/providers/health-care-facilities-regulation,459016192,TX,398,OPEN,48,(361) 881-3148,LEVEL II,-999,SPECIAL,-1281971200,IMAGERY/OTHER,http://www.christusspohn.org,78405,NOT AVAILABLE,"b'\x00\x00\x00\x00\x01\xc0XZ\xa5\xb8\xf7,\xf0@;\xc7\xa6\xe2Wx\x90'","{'xmin': -97.41636489999996, 'ymin': 27.77989020000001, 'xmax': -97.41636489999996, 'ymax': 27.77989020000001}"
704 HOSPITAL DRIVE,NOT AVAILABLE,25,CARRIZO SPRINGS,USA,DIMMIT,48127,Y,10178834,28.51923471,-99.86339756,622110,GENERAL MEDICAL AND SURGICAL HOSPITALS,DIMMIT REGIONAL HOSPITAL,14026,NON-PROFIT,25,https://www.hhs.texas.gov/providers/health-care-facilities-regulation,459016192,TX,100175,OPEN,48,(830) 876-2424,LEVEL IV,-999,CRITICAL ACCESS,420996096,IMAGERY/OTHER,http://www.dimmitregionalhospital.com/,78834,NOT AVAILABLE,b'\x00\x00\x00\x00\x01\xc0X\xf7A\xe7\xd6\xe9X@<\x84\xec\x90\xe2e\xf0',"{'xmin': -99.86339755999995, 'ymin': 28.519234710000035, 'xmax': -99.86339755999995, 'ymax': 28.519234710000035}"
801 BEDELL AVENUE,NOT AVAILABLE,93,DEL RIO,USA,VAL VERDE,48465,Y,15678840,29.37496276,-100.8926635,622110,GENERAL MEDICAL AND SURGICAL HOSPITALS,VAL VERDE REGIONAL MEDICAL CENTER,14446,NON-PROFIT,93,https://www.hhs.texas.gov/providers/health-care-facilities-regulation,459016192,TX,462,OPEN,48,(830) 775-8566,LEVEL IV,-999,GENERAL ACUTE CARE,420996096,IMAGERY,http://www.vvrmc.org/,78840,NOT AVAILABLE,b'\x00\x00\x00\x00\x01\xc0Y9!f6\xeb\xa4@=_\xfd\x8f7k\x00',"{'xmin': -100.89266353, 'ymin': 29.374962760000017, 'xmax': -100.89266353, 'ymax': 29.374962760000017}"
1025 GARNER FIELD ROAD,NOT AVAILABLE,25,UVALDE,USA,UVALDE,48463,Y,54378801,29.21411967,-99.76783721,622110,GENERAL MEDICAL AND SURGICAL HOSPITALS,UVALDE MEMORIAL HOSPITAL,14445,NON-PROFIT,25,https://www.hhs.texas.gov/providers/health-care-facilities-regulation,459016192,TX,63,OPEN,48,(830) 278-6251,LEVEL IV,-999,CRITICAL ACCESS,420996096,IMAGERY,http://www.umhtx.org/,78801,NOT AVAILABLE,b'\x00\x00\x00\x00\x01\xc0X\xf1$>\xaef\x84@=6\xd0\x8b\xf4\x14\x90',"{'xmin': -99.76783720999998, 'ymin': 29.214119670000002, 'xmax': -99.76783720999998, 'ymax': 29.214119670000002}"
200 S IH-35,NOT AVAILABLE,22,PEARSALL,USA,FRIO,48163,Y,42878061,28.89630465,-99.1172572,622110,GENERAL MEDICAL AND SURGICAL HOSPITALS,FRIO REGIONAL HOSPITAL,14070,NON-PROFIT,22,https://www.hhs.texas.gov/providers/health-care-facilities-regulation,459016192,TX,441,OPEN,48,(830) 334-3617,LEVEL IV,-999,CRITICAL ACCESS,420996096,IMAGERY/OTHER,NOT AVAILABLE,78061,NOT AVAILABLE,b'\x00\x00\x00\x00\x01\xc0X\xc7\x81$W\xce\x1c@<\xe5t8\xb7\x00\xc0',"{'xmin': -99.11725719999998, 'ymin': 28.896304650000047, 'xmax': -99.11725719999998, 'ymax': 28.896304650000047}"
3100 AVENUE E,NOT AVAILABLE,25,HONDO,USA,MEDINA,48325,N,25278861,29.33462296,-99.13448254,622110,GENERAL MEDICAL AND SURGICAL HOSPITALS,MEDINA REGIONAL HOSPITAL,14183,NON-PROFIT,25,https://www.hhs.texas.gov/providers/health-care-facilities-regulation,459016192,TX,100046,OPEN,48,(830) 426-7838,LEVEL IV,-999,CRITICAL ACCESS,420996096,IMAGERY,http://www.medinahospital.net,78861,NOT AVAILABLE,b'\x00\x00\x00\x00\x01\xc0X\xc8\x9b\\\xa7\xcb\xb4@=U\xa9\xd9\xad\xb0\xe0',"{'xmin': -99.13448253999996, 'ymin': 29.334622960000047, 'xmax': -99.13448253999996, 'ymax': 29.334622960000047}"
111 DALLAS STREET,NOT AVAILABLE,607,SAN ANTONIO,USA,BEXAR,48029,Y,45778205,29.43358894,-98.49264078,622110,GENERAL MEDICAL AND SURGICAL HOSPITALS,BAPTIST MEDICAL CENTER,13865,PROPRIETARY,607,https://www.hhs.texas.gov/providers/health-care-facilities-regulation,459016192,TX,114,OPEN,48,(210) 297-7600,LEVEL IV,-999,GENERAL ACUTE CARE,420996096,IMAGERY,http://www.baptisthealthsystem.com,78205,NOT AVAILABLE,b'\x00\x00\x00\x00\x01\xc0X\x9f\x87m1\xb1\xa8@=n\xff\xafM5 ',"{'xmin': -98.49264077999999, 'ymin': 29.43358894000005, 'xmax': -98.49264077999999, 'ymax': 29.43358894000005}"
1310 MCCULLOUGH AVENUE,NOT AVAILABLE,378,SAN ANTONIO,USA,BEXAR,48029,Y,48,29.44180343,-98.49098397,622110,GENERAL MEDICAL AND SURGICAL HOSPITALS,METROPOLITAN METHODIST HOSPITAL,14221,PROPRIETARY,378,https://www.hhs.texas.gov/providers/health-care-facilities-regulation,459016192,TX,154,OPEN,48,(210) 757-2200,LEVEL IV,-999,GENERAL ACUTE CARE,-624676864,IMAGERY/OTHER,NOT AVAILABLE,78212,NOT AVAILABLE,b'\x00\x00\x00\x00\x01\xc0X\x9flH\x07\x80\xa8@=q\x1a\x07\x93\x1c`',"{'xmin': -98.49098397, 'ymin': 29.44180343000005, 'xmax': -98.49098397, 'ymax': 29.44180343000005}"
4502 MEDICAL DRIVE,NOT AVAILABLE,1034,SAN ANTONIO,USA,BEXAR,48029,Y,45878229,29.50700957,-98.57833704,622110,GENERAL MEDICAL AND SURGICAL HOSPITALS,UNIVERSITY HOSPITAL,14432,NON-PROFIT,1034,https://www.hhs.texas.gov/providers/health-care-facilities-regulation,459016192,TX,158,OPEN,48,(210) 358-4000,LEVEL I,-999,GENERAL ACUTE CARE,420996096,IMAGERY,http://www.universityhealthsystem.com/,78229,NOT AVAILABLE,b'\x00\x00\x00\x00\x01\xc0X\xa5\x03y\\7d@=\x81\xcba\x11\xe8\xc0',"{'xmin': -98.57833704000001, 'ymin': 29.507009570000037, 'xmax': -98.57833704000001, 'ymax': 29.507009570000037}"
7700 FLOYD CURL DRIVE,NOT AVAILABLE,996,SAN ANTONIO,USA,BEXAR,48029,Y,46278229,29.5082133,-98.57247759,622110,GENERAL MEDICAL AND SURGICAL HOSPITALS,METHODIST HOSPITAL,14207,PROPRIETARY,996,https://www.hhs.texas.gov/providers/health-care-facilities-regulation,459016192,TX,154,OPEN,48,(210) 575-4000,LEVEL III,-999,GENERAL ACUTE CARE,420996096,IMAGERY,http://sahealth.com/locations/methodist-hospital/index.dot,78229,NOT AVAILABLE,b'\x00\x00\x00\x00\x01\xc0X\xa4\xa3y\x0b\xaf\x8c@=\x82\x1aDN\xe4p',"{'xmin': -98.57247759, 'ymin': 29.508213300000023, 'xmax': -98.57247759, 'ymax': 29.508213300000023}"
102 NORTH HIGHWAY 277,NOT AVAILABLE,14,ELDORADO,USA,SCHLEICHER,48413,Y,19176936,30.86300194,-100.6029941,622110,GENERAL MEDICAL AND SURGICAL HOSPITALS,SCHLEICHER COUNTY MEDICAL CENTER,14310,PROPRIETARY,14,https://www.hhs.texas.gov/providers/health-care-facilities-regulation,459016192,TX,100184,OPEN,48,(325) 853-2507,LEVEL IV,-999,CRITICAL ACCESS,-529403904,IMAGERY/OTHER,NOT AVAILABLE,76936,NOT AVAILABLE,b'\x00\x00\x00\x00\x01\xc0Y&\x97te\xd8t@>\xdc\xed\xb1\xf4\xaf@',"{'xmin': -100.60299405999996, 'ymin': 30.863001940000004, 'xmax': -100.60299405999996, 'ymax': 30.863001940000004}"
551 HILL COUNTRY DRIVE,NOT AVAILABLE,124,KERRVILLE,USA,KERR,48265,Y,32478028,30.04346599,-99.1528689,622110,GENERAL MEDICAL AND SURGICAL HOSPITALS,PETERSON REGIONAL MEDICAL CENTER,14289,NON-PROFIT,124,https://www.hhs.texas.gov/providers/health-care-facilities-regulation,459016192,TX,8642,OPEN,48,(830) 896-4200,NOT AVAILABLE,-999,GENERAL ACUTE CARE,420996096,IMAGERY,NOT AVAILABLE,78028,NOT AVAILABLE,b'\x00\x00\x00\x00\x01\xc0X\xc9\xc8\x9a\xa3\x84\xd4@>\x0b \x96M\x89\xd0',"{'xmin': -99.15286889999999, 'ymin': 30.043465990000016, 'xmax': -99.15286889999999, 'ymax': 30.043465990000016}"
349 REID ROAD,NOT AVAILABLE,15,JUNCTION,USA,KIMBLE,48267,Y,31576849,30.49847308,-99.78056091,622110,GENERAL MEDICAL AND SURGICAL HOSPITALS,KIMBLE HOSPITAL,14125,PROPRIETARY,15,https://www.hhs.texas.gov/providers/health-care-facilities-regulation,459016192,TX,100113,OPEN,48,(325) 446-3321,LEVEL IV,-999,CRITICAL ACCESS,420996096,IMAGERY,NOT AVAILABLE,76849,NOT AVAILABLE,b'\x00\x00\x00\x00\x01\xc0X\xf1\xf4\xb5\xbf?\x18@>\x7f\x9b\xee\x88\x89`',"{'xmin': -99.78056090999996, 'ymin': 30.498473080000053, 'xmax': -99.78056090999996, 'ymax': 30.498473080000053}"
1020 STATE HIGHWAY 16 SOUTH,NOT AVAILABLE,84,FREDERICKSBURG,USA,GILLESPIE,48171,Y,22078624,30.262519,-98.88184327,622110,GENERAL MEDICAL AND SURGICAL HOSPITALS,HILL COUNTRY MEMORIAL HOSPITAL,14105,NON-PROFIT,84,https://www.hhs.texas.gov/providers/health-care-facilities-regulation,459016192,TX,219,OPEN,48,(830) 997-4353,LEVEL IV,-999,GENERAL ACUTE CARE,420996096,IMAGERY/OTHER,http://www.hcmhs.org,78624,NOT AVAILABLE,b'\x00\x00\x00\x00\x01\xc0X\xb8p\x1e\xc16@@>C4q\xf7\x940',"{'xmin': -98.88184326999999, 'ymin': 30.262519000000054, 'xmax': -98.88184326999999, 'ymax': 30.262519000000054}"
200 W OLLIE ST,NOT AVAILABLE,25,LLANO,USA,LLANO,48299,Y,34578643,30.74264962,-98.67765575,622110,GENERAL MEDICAL AND SURGICAL HOSPITALS,MID COAST MEDICAL CENTER - CENTRAL,14222,NON-PROFIT,25,https://www.hhs.texas.gov/providers/health-care-facilities-regulation,459016192,TX,100090,OPEN,48,(245) 242-2824,LEVEL IV,-999,CRITICAL ACCESS,420996096,IMAGERY,NOT AVAILABLE,78643,NOT AVAILABLE,b'\x00\x00\x00\x00\x01\xc0X\xab^\xb69\x0c\x90@>\xbe\x1eI\x16Ip',"{'xmin': -98.67765574999999, 'ymin': 30.74264962000001, 'xmax': -98.67765574999999, 'ymax': 30.74264962000001}"
1500 EAST HOUSTON HIGHWAY,NOT AVAILABLE,69,BEEVILLE,USA,BEE,48025,Y,5878102,28.40742754,-97.73154412,622110,GENERAL MEDICAL AND SURGICAL HOSPITALS,CHRISTUS SPOHN HOSPITAL BEEVILLE,13971,NON-PROFIT,69,https://www.hhs.texas.gov/providers/health-care-facilities-regulation,459016192,TX,429,OPEN,48,(361) 354-2125,LEVEL IV,-999,GENERAL ACUTE CARE,420996096,IMAGERY,http://www.christusspohn.org,78102,NOT AVAILABLE,b'\x00\x00\x00\x00\x01\xc0Xn\xd1\x9em\xbe\xc8@<hM+\xd7\xca0',"{'xmin': -97.73154411999997, 'ymin': 28.407427540000015, 'xmax': -97.73154411999997, 'ymax': 28.407427540000015}"
2550 NORTH ESPLANADE,NOT AVAILABLE,49,CUERO,USA,DEWITT,48123,Y,13879022,29.11261503,-97.28334117,622110,GENERAL MEDICAL AND SURGICAL HOSPITALS,CUERO REGIONAL HOSPITAL,14017,NON-PROFIT,49,https://www.hhs.texas.gov/providers/health-care-facilities-regulation,459016192,TX,74,OPEN,48,(361) 275-6191,LEVEL IV,-999,GENERAL ACUTE CARE,420996096,IMAGERY/OTHER,http://www.cuerohosp.org,77954,NOT AVAILABLE,"b'\x00\x00\x00\x00\x01\xc0XR""C\x00\xb0\xa8@=\x1c\xd4V\xae\xe3`'","{'xmin': -97.28334116999997, 'ymin': 29.11261503000003, 'xmax': -97.28334116999997, 'ymax': 29.11261503000003}"
1110 N SARAH DEWITT DRIVE,NOT AVAILABLE,33,GONZALES,USA,GONZALES,48177,Y,23178629,29.51759211,-97.42934318,622110,GENERAL MEDICAL AND SURGICAL HOSPITALS,MEMORIAL HOSPITAL,14199,NON-PROFIT,33,https://www.hhs.texas.gov/providers/health-care-facilities-regulation,459016192,TX,103,OPEN,48,(830) 672-7581,LEVEL IV,-999,GENERAL ACUTE CARE,420996096,IMAGERY/OTHER,http://www.gonzaleshealthcare.com/,78629,NOT AVAILABLE,b'\x00\x00\x00\x00\x01\xc0X[z[\xd17\x14@=\x84\x80\xea\xa1\x1e ',"{'xmin': -97.42934317999999, 'ymin': 29.51759211000001, 'xmax': -97.42934317999999, 'ymax': 29.51759211000001}"
1200 CARL RAMERT DRIVE,NOT AVAILABLE,23,YOAKUM,USA,LAVACA,48285,Y,57677995,29.30695852,-97.12915909,622110,GENERAL MEDICAL AND SURGICAL HOSPITALS,YOAKUM COMMUNITY HOSPITAL,14475,NON-PROFIT,23,https://www.hhs.texas.gov/providers/health-care-facilities-regulation,459016192,TX,23,OPEN,48,(361) 293-2321,LEVEL IV,-999,CRITICAL ACCESS,420996096,IMAGERY/OTHER,http://www.yoakumhospital.org,77995,NOT AVAILABLE,b'\x00\x00\x00\x00\x01\xc0XHD$|\xe1\xfc@=N\x94\xd5d\xa0\xf0',"{'xmin': -97.12915908999997, 'ymin': 29.306958520000023, 'xmax': -97.12915908999997, 'ymax': 29.306958520000023}"
506 EAST SAN ANTONIO STREET,NOT AVAILABLE,163,VICTORIA,USA,VICTORIA,48469,Y,54877902,28.80806986,-96.99834405,622110,GENERAL MEDICAL AND SURGICAL HOSPITALS,DETAR HEALTHCARE SYSTEM,14024,PROPRIETARY,163,https://www.hhs.texas.gov/providers/health-care-facilities-regulation,459016192,TX,453,OPEN,48,(361) 575-7441,LEVEL III,-999,GENERAL ACUTE CARE,420996096,IMAGERY/OTHER,http://www.detar.com,77901,NOT AVAILABLE,b'\x00\x00\x00\x00\x01\xc0X?\xe4\xdeq9\xfc@<\xce\xdd\xaa\x95\x95`',"{'xmin': -96.99834404999996, 'ymin': 28.808069860000046, 'xmax': -96.99834404999996, 'ymax': 28.808069860000046}"
2701 HOSPITAL DRIVE,NOT AVAILABLE,317,VICTORIA,USA,VICTORIA,48469,Y,54777901,28.81287726,-96.97773874,622110,GENERAL MEDICAL AND SURGICAL HOSPITALS,CITIZENS MEDICAL CENTER,13981,NON-PROFIT,317,https://www.hhs.texas.gov/providers/health-care-facilities-regulation,459016192,TX,64,OPEN,48,(361) 573-9181,LEVEL III,-999,GENERAL ACUTE CARE,420996096,IMAGERY,http://www.citizensmedicalcenter.org,77901,NOT AVAILABLE,b'\x00\x00\x00\x00\x01\xc0X>\x93E\x82\x15D@<\xd0\x18\xb9_\\\xc0',"{'xmin': -96.97773874, 'ymin': 28.81287726000005, 'xmax': -96.97773874, 'ymax': 28.81287726000005}"
815 NORTH VIRGINIA STREET,NOT AVAILABLE,25,PORT LAVACA,USA,CALHOUN,48057,Y,43677979,28.62030294,-96.63235082,622110,GENERAL MEDICAL AND SURGICAL HOSPITALS,MEMORIAL MEDICAL CENTER,14202,NON-PROFIT,25,https://www.hhs.texas.gov/providers/health-care-facilities-regulation,459016192,TX,487,OPEN,48,(361) 552-6713,LEVEL IV,-999,CRITICAL ACCESS,-11003904,IMAGERY/OTHER,http://www.mmcportlavaca.com/,77979,NOT AVAILABLE,"b'\x00\x00\x00\x00\x01\xc0X(xo\x92\xdf\xec@<\x9e\xcc,h\xe9\xb0'","{'xmin': -96.63235082, 'ymin': 28.620302940000045, 'xmax': -96.63235082, 'ymax': 28.620302940000045}"
101 MEDICAL DRIVE,NOT AVAILABLE,115,VICTORIA,USA,VICTORIA,48469,Y,81977904,28.85434036,-97.01968631,622110,GENERAL MEDICAL AND SURGICAL HOSPITALS,DETAR HEALTHCARE SYSTEM,14025,PROPRIETARY,115,https://www.hhs.texas.gov/providers/health-care-facilities-regulation,459016192,TX,453,OPEN,48,(361) 573-6100,LEVEL IV,-999,GENERAL ACUTE CARE,-1188284416,IMAGERY,NOT AVAILABLE,77904,NOT AVAILABLE,b'\x00\x00\x00\x00\x01\xc0XAB\x8a^h@@<\xda\xb6\x0c\xc1\xda`',"{'xmin': -97.01968631, 'ymin': 28.854340360000037, 'xmax': -97.01968631, 'ymax': 28.854340360000037}"
104 7TH STREET,NOT AVAILABLE,58,BAY CITY,USA,MATAGORDA,48321,Y,4877414,28.98004701,-95.9916774,622110,GENERAL MEDICAL AND SURGICAL HOSPITALS,MATAGORDA REGIONAL MEDICAL CENTER,14166,NON-PROFIT,58,https://www.hhs.texas.gov/providers/health-care-facilities-regulation,459016192,TX,100019,OPEN,48,(979) 245-6383,LEVEL IV,-999,GENERAL ACUTE CARE,420996096,IMAGERY,http://www.matagordaregional.org,77414,NOT AVAILABLE,b'\x00\x00\x00\x00\x01\xc0W\xffw\xa4|K\xa8@<\xfa\xe4\\`~ ',"{'xmin': -95.99167739999996, 'ymin': 28.98004701000002, 'xmax': -95.99167739999996, 'ymax': 28.98004701000002}"
305 NORTH MCKINNEY STREET,NOT AVAILABLE,20,SWEENY,USA,BRAZORIA,48039,N,50177480,29.04783467,-95.69183141,622110,GENERAL MEDICAL AND SURGICAL HOSPITALS,SWEENY COMMUNITY HOSPITAL,14359,NON-PROFIT,20,https://www.hhs.texas.gov/providers/health-care-facilities-regulation,459016192,TX,178,OPEN,48,(979) 548-1598,LEVEL IV,-999,CRITICAL ACCESS,161796096,IMAGERY,http://www.sweenyhospital.org,77480,NOT AVAILABLE,b'\x00\x00\x00\x00\x01\xc0W\xecF\xf7@\x12\xe8@=\x0c>\xe4\x97C\xe0',"{'xmin': -95.69183140999996, 'ymin': 29.047834670000043, 'xmax': -95.69183140999996, 'ymax': 29.047834670000043}"
12412 JUDSON ROAD,NOT AVAILABLE,207,SAN ANTONIO,USA,BEXAR,48029,Y,42,29.55246452,-98.34826131,622110,GENERAL MEDICAL AND SURGICAL HOSPITALS,NORTHEAST METHODIST HOSPITAL,14245,PROPRIETARY,207,https://www.hhs.texas.gov/providers/health-care-facilities-regulation,459016192,TX,154,OPEN,48,(210) 757-7000,LEVEL IV,-999,GENERAL ACUTE CARE,-624676864,IMAGERY/OTHER,NOT AVAILABLE,78233,NOT AVAILABLE,b'\x00\x00\x00\x00\x01\xc0X\x96I\xe9\xce:`@=\x8dnP\x95\x99\xb0',"{'xmin': -98.34826131, 'ymin': 29.55246452, 'xmax': -98.34826131, 'ymax': 29.55246452}"
1215 EAST COURT STREET,NOT AVAILABLE,153,SEGUIN,USA,GUADALUPE,48187,Y,48378155,29.56784512,-97.94723703,622110,GENERAL MEDICAL AND SURGICAL HOSPITALS,GUADALUPE REGIONAL MEDICAL CENTER,14076,NON-PROFIT,153,https://www.hhs.texas.gov/providers/health-care-facilities-regulation,459016192,TX,155,OPEN,48,(830) 379-2411,LEVEL IV,-999,GENERAL ACUTE CARE,420996096,IMAGERY,http://www.grmedcenter.com,78155,NOT AVAILABLE,b'\x00\x00\x00\x00\x01\xc0X|\x9f\x88\x10Z@@=\x91^L;\x97\xe0',"{'xmin': -97.94723703, 'ymin': 29.567845120000015, 'xmax': -97.94723703, 'ymax': 29.567845120000015}"
1201 WEST 38TH STREET,NOT AVAILABLE,524,AUSTIN,USA,TRAVIS,48453,Y,2478705,30.30500185,-97.74560832,622110,GENERAL MEDICAL AND SURGICAL HOSPITALS,ASCENSION SETON MEDICAL CENTER AUSTIN,13855,NON-PROFIT,524,https://www.hhs.texas.gov/providers/health-care-facilities-regulation,459016192,TX,497,OPEN,48,(512) 324-1000,LEVEL IV,-999,GENERAL ACUTE CARE,420996096,IMAGERY,http://www.seton.net,78705,NOT AVAILABLE,b'\x00\x00\x00\x00\x01\xc0Xo\xb8\x0b\xf5\x81\xa0@>N\x14\x99\xea\xf8@',"{'xmin': -97.74560831999997, 'ymin': 30.305001850000053, 'xmax': -97.74560831999997, 'ymax': 30.305001850000053}"
4110 GUADALUPE STREET,NOT AVAILABLE,314,AUSTIN,USA,TRAVIS,48453,N,1878751,30.30911532,-97.73510746,622210,PSYCHIATRIC AND SUBSTANCE ABUSE HOSPITALS,AUSTIN STATE HOSPITAL,15699,GOVERNMENT - STATE,314,https://www.hhs.texas.gov/providers/health-care-facilities-regulation,459016192,TX,NOT AVAILABLE,OPEN,48,(512) 452-0381,NOT AVAILABLE,-999,PSYCHIATRIC,22158336,IMAGERY,http://www.dshs.state.tx.us/mhhospitals/austinsh/default.shtm,78751,NOT AVAILABLE,"b'\x00\x00\x00\x00\x01\xc0Xo\x0c\x00(\xef\xb8@>O"".~\x17\xc0'","{'xmin': -97.73510746, 'ymin': 30.309115320000046, 'xmax': -97.73510746, 'ymax': 30.309115320000046}"
11113 RESEARCH BOULEVARD,NOT AVAILABLE,117,AUSTIN,USA,TRAVIS,48453,Y,3778759,30.40492795,-97.74360477,622110,GENERAL MEDICAL AND SURGICAL HOSPITALS,ASCENSION SETON NORTHWEST,13856,NON-PROFIT,117,https://www.hhs.texas.gov/providers/health-care-facilities-regulation,459016192,TX,7976,OPEN,48,(512) 324-6900,LEVEL IV,-999,GENERAL ACUTE CARE,420996096,IMAGERY,NOT AVAILABLE,78759,NOT AVAILABLE,"b'\x00\x00\x00\x00\x01\xc0Xo\x978v\x13,@>g\xa9[\xae|\x80'","{'xmin': -97.74360476999999, 'ymin': 30.40492795, 'xmax': -97.74360476999999, 'ymax': 30.40492795}"
9835 NORTH LAKE CREEK PARKWAY BLDG A,NOT AVAILABLE,52,AUSTIN,USA,WILLIAMSON,48491,Y,196785117,30.47417131,-97.79126023,622110,GENERAL MEDICAL AND SURGICAL HOSPITALS,TEXAS CHILDRENS HOSPITAL NORTH AUSTIN CAMPUS,16187,NOT AVAILABLE,52,https://www.hhs.texas.gov/providers/health-care-facilities-regulation,459016192,TX,100608,OPEN,48,(832) 824-1100,NOT AVAILABLE,-999,GENERAL ACUTE CARE,1729983488,IMAGERY,NOT AVAILABLE,78717,NOT AVAILABLE,b'\x00\x00\x00\x00\x01\xc0Xr\xa4\x01\xf0x\xac@>ycJpD@',"{'xmin': -97.791260228, 'ymin': 30.474171307000006, 'xmax': -97.791260228, 'ymax': 30.474171307000006}"
12221 MOPAC EXPRESSWAY NORTH,NOT AVAILABLE,395,AUSTIN,USA,TRAVIS,48453,Y,6778758,30.41148803,-97.7062274,622110,GENERAL MEDICAL AND SURGICAL HOSPITALS,NORTH AUSTIN MEDICAL CENTER,14239,PROPRIETARY,395,https://www.hhs.texas.gov/providers/health-care-facilities-regulation,459016192,TX,8299,OPEN,48,(512) 901-2529,LEVEL IV,-999,GENERAL ACUTE CARE,420996096,IMAGERY/OTHER,NOT AVAILABLE,78758,NOT AVAILABLE,b'\x00\x00\x00\x00\x01\xc0Xm2\xd4h\xa2\x80@>iWG\x8f\x8b\xb0',"{'xmin': -97.70622739999999, 'ymin': 30.411488030000044, 'xmax': -97.70622739999999, 'ymax': 30.411488030000044}"
2400 ROUND ROCK AVENUE,NOT AVAILABLE,175,ROUND ROCK,USA,WILLIAMSON,48491,Y,44678681,30.51110777,-97.7136084,622110,GENERAL MEDICAL AND SURGICAL HOSPITALS,ROUND ROCK MEDICAL CENTER,14306,PROPRIETARY,175,https://www.hhs.texas.gov/providers/health-care-facilities-regulation,459016192,TX,608,OPEN,48,(512) 341-1000,LEVEL II,-999,GENERAL ACUTE CARE,420996096,IMAGERY,http://www.stdavids.com/home.aspx,78681,NOT AVAILABLE,b'\x00\x00\x00\x00\x01\xc0Xm\xab\xc2\x91\t\xa8@>\x82\xd7\xf5t\xe1\xb0',"{'xmin': -97.7136084, 'ymin': 30.511107770000024, 'xmax': -97.7136084, 'ymax': 30.511107770000024}"
201 SETON PARKWAY,NOT AVAILABLE,149,ROUND ROCK,USA,WILLIAMSON,48491,Y,45078665,30.56676232,-97.65138735,622110,GENERAL MEDICAL AND SURGICAL HOSPITALS,ASCENSION SETON WILLIAMSON,13859,NON-PROFIT,149,https://www.hhs.texas.gov/providers/health-care-facilities-regulation,459016192,TX,8617,OPEN,48,(512) 324-4000,LEVEL II,-999,GENERAL ACUTE CARE,420996096,IMAGERY,NOT AVAILABLE,78665,NOT AVAILABLE,b'\x00\x00\x00\x00\x01\xc0Xi\xb0T\x91Q\xcc@>\x91\x17U\xdd\x01P',"{'xmin': -97.65138735, 'ymin': 30.56676232000001, 'xmax': -97.65138735, 'ymax': 30.56676232000001}"
110 SHULT DR,NOT AVAILABLE,40,COLUMBUS,USA,COLORADO,48089,Y,11578934,29.69451784,-96.5433111,622110,GENERAL MEDICAL AND SURGICAL HOSPITALS,COLUMBUS COMMUNITY HOSPITAL,13993,NON-PROFIT,40,https://www.hhs.texas.gov/providers/health-care-facilities-regulation,459016192,TX,14,OPEN,48,(979) 732-2371,LEVEL IV,-999,GENERAL ACUTE CARE,420996096,IMAGERY/OTHER,NOT AVAILABLE,78934,NOT AVAILABLE,"b'\x00\x00\x00\x00\x01\xc0X""\xc5\x9b\xeb\x83p@=\xb1\xcb\xeb\xd1I\xe0'","{'xmin': -96.54331109999998, 'ymin': 29.694517840000003, 'xmax': -96.54331109999998, 'ymax': 29.694517840000003}"
600 SOUTH AUSTIN ROAD,NOT AVAILABLE,25,EAGLE LAKE,USA,COLORADO,48089,Y,16977434,29.58775858,-96.3452847,622110,GENERAL MEDICAL AND SURGICAL HOSPITALS,RICE MEDICAL CENTER,14302,PROPRIETARY,25,https://www.hhs.texas.gov/providers/health-care-facilities-regulation,459016192,TX,100136,OPEN,48,(979) 234-5571,LEVEL IV,-999,CRITICAL ACCESS,-1281971200,IMAGERY/OTHER,http://www.ricemedicalcenter.net/,77434,NOT AVAILABLE,b'\x00\x00\x00\x00\x01\xc0X\x16\x19$\xff\x93\xc8@=\x96wX\xa7\x0b ',"{'xmin': -96.34528469999998, 'ymin': 29.587758580000013, 'xmax': -96.34528469999998, 'ymax': 29.587758580000013}"
22003 SOUTHWEST FREEWAY,NOT AVAILABLE,61,RICHMOND,USA,FORT BEND,48157,Y,75677479,29.55515331,-95.71392609,622110,GENERAL MEDICAL AND SURGICAL HOSPITALS,OAKBEND MEDICAL CENTER,14250,NON-PROFIT,61,https://www.hhs.texas.gov/providers/health-care-facilities-regulation,459016192,TX,230,OPEN,48,(281) 341-2000,LEVEL IV,-999,GENERAL ACUTE CARE,-608517120,IMAGERY,https://www.oakbendmedcenter.org/,77469,NOT AVAILABLE,b'\x00\x00\x00\x00\x01\xc0W\xed\xb0\xf7\x0e\x13\xe8@=\x8e\x1e\x86\xfe\xb7`',"{'xmin': -95.71392608999997, 'ymin': 29.555153310000037, 'xmax': -95.71392608999997, 'ymax': 29.555153310000037}"
1705 JACKSON STREET,NOT AVAILABLE,168,RICHMOND,USA,FORT BEND,48157,Y,44377469,29.57632884,-95.77093702,622110,GENERAL MEDICAL AND SURGICAL HOSPITALS,OAKBEND MEDICAL CENTER,14249,NON-PROFIT,168,https://www.hhs.texas.gov/providers/health-care-facilities-regulation,459016192,TX,230,OPEN,48,(281) 341-3000,LEVEL IV,-999,GENERAL ACUTE CARE,420996096,IMAGERY,http://www.oakbendmedcenter.org,77469,NOT AVAILABLE,b'\x00\x00\x00\x00\x01\xc0W\xf1W\x08:\x0b<@=\x93\x8aIo\x8a\xb0',"{'xmin': -95.77093701999996, 'ymin': 29.57632884000003, 'xmax': -95.77093701999996, 'ymax': 29.57632884000003}"
17500 WEST GRAND PARKWAY SOUTH,NOT AVAILABLE,179,SUGAR LAND,USA,FORT BEND,48157,Y,50277479,29.5644022,-95.69037269,622110,GENERAL MEDICAL AND SURGICAL HOSPITALS,MEMORIAL HERMANN SUGAR LAND HOSPITAL,14196,NON-PROFIT,179,https://www.hhs.texas.gov/providers/health-care-facilities-regulation,459016192,TX,609,OPEN,48,(281) 725-5202,LEVEL IV,-999,GENERAL ACUTE CARE,420996096,IMAGERY/OTHER,http://www.memorialhermann.org,77479,NOT AVAILABLE,b'\x00\x00\x00\x00\x01\xc0W\xec/\x10\xeff\x80@=\x90|\xa9\x9e\xca`',"{'xmin': -95.69037269, 'ymin': 29.564402200000018, 'xmax': -95.69037269, 'ymax': 29.564402200000018}"
23900 KATY FREEWAY,NOT AVAILABLE,208,KATY,USA,HARRIS,48201,Y,31677494,29.787311,-95.78625453,622110,GENERAL MEDICAL AND SURGICAL HOSPITALS,MEMORIAL HERMANN KATY HOSPITAL,14187,NON-PROFIT,208,https://www.hhs.texas.gov/providers/health-care-facilities-regulation,459016192,TX,534,OPEN,48,(281) 644-7000,LEVEL III,-999,GENERAL ACUTE CARE,420996096,IMAGERY,http://www.memorialhermann.org/locations/katy/,77494,NOT AVAILABLE,b'\x00\x00\x00\x00\x01\xc0W\xf2Q\xfe\x85+\xa4@=\xc9\x8d6\xb4\xc8\x00',"{'xmin': -95.78625453000001, 'ymin': 29.787311000000045, 'xmax': -95.78625453000001, 'ymax': 29.787311000000045}"
18500 KATY FWY,NOT AVAILABLE,239,HOUSTON,USA,HARRIS,48201,Y,136077094,29.78715662,-95.69782808,622110,GENERAL MEDICAL AND SURGICAL HOSPITALS,HOUSTON METHODIST WEST HOSPITAL,14114,NON-PROFIT,239,https://www.hhs.texas.gov/providers/health-care-facilities-regulation,459016192,TX,100080,OPEN,48,(832) 522-1000,NOT AVAILABLE,-999,GENERAL ACUTE CARE,743992320,IMAGERY/OTHER,NOT AVAILABLE,77094,1110,b'\x00\x00\x00\x00\x01\xc0W\xec\xa97\x1bu$@=\xc9\x83\x18\xa3\xba\xe0',"{'xmin': -95.69782807999997, 'ymin': 29.78715662000002, 'xmax': -95.69782807999997, 'ymax': 29.78715662000002}"
120 E HARRIS AVE,NOT AVAILABLE,333,SAN ANGELO,USA,TOM GREEN,48451,Y,45476902,31.46524784,-100.4348932,622110,GENERAL MEDICAL AND SURGICAL HOSPITALS,SHANNON MEDICAL CENTER,14319,NON-PROFIT,333,https://www.hhs.texas.gov/providers/health-care-facilities-regulation,459016192,TX,168,OPEN,48,(325) 653-6741,LEVEL III,-999,GENERAL ACUTE CARE,420996096,IMAGERY/OTHER,NOT AVAILABLE,76903,NOT AVAILABLE,b'\x00\x00\x00\x00\x01\xc0Y\x1b\xd5J\x1e\xdd\x10@?w\x1a{\x81U\xb0',"{'xmin': -100.43489316, 'ymin': 31.465247840000018, 'xmax': -100.43489316, 'ymax': 31.465247840000018}"
7821 STATE HIGHWAY 153,NOT AVAILABLE,25,WINTERS,USA,RUNNELS,48399,Y,57479567,31.94922151,-99.95913544,622110,GENERAL MEDICAL AND SURGICAL HOSPITALS,NORTH RUNNELS HOSPITAL,14242,NON-PROFIT,25,https://www.hhs.texas.gov/providers/health-care-facilities-regulation,459016192,TX,151,OPEN,48,(325) 754-4553,NOT AVAILABLE,-999,CRITICAL ACCESS,593796096,IMAGERY/OTHER,NOT AVAILABLE,79567,NOT AVAILABLE,b'\x00\x00\x00\x00\x01\xc0X\xfdby\x9c\xcf\x00@?\xf3\x00.N\x1c ',"{'xmin': -99.95913543999995, 'ymin': 31.94922151000003, 'xmax': -99.95913543999995, 'ymax': 31.94922151000003}"
310 SOUTH PECOS STREET,NOT AVAILABLE,25,COLEMAN,USA,COLEMAN,48083,N,11276834,31.82854343,-99.42562308,622110,GENERAL MEDICAL AND SURGICAL HOSPITALS,COLEMAN COUNTY MEDICAL CENTER COMPANY,13991,PROPRIETARY,25,https://www.hhs.texas.gov/providers/health-care-facilities-regulation,459016192,TX,100168,OPEN,48,(325) 625-2135,LEVEL IV,-999,CRITICAL ACCESS,-1134203904,IMAGERY,http://www.colemantexas.org/hospital.html,76834,NOT AVAILABLE,b'\x00\x00\x00\x00\x01\xc0X\xdb=h\x96At@?\xd4\x1bl\x17*p',"{'xmin': -99.42562307999998, 'ymin': 31.828543430000025, 'xmax': -99.42562307999998, 'ymax': 31.828543430000025}"
1501 BURNETT RD,NOT AVAILABLE,188,BROWNWOOD,USA,BROWN,48049,Y,9476804,31.67734392,-98.99383384,622110,GENERAL MEDICAL AND SURGICAL HOSPITALS,HENDRICK MEDICAL CENTER BROWNWOOD,14101,NON-PROFIT,188,https://www.hhs.texas.gov/providers/health-care-facilities-regulation,459016192,TX,100528,OPEN,48,(325) 646-8541,LEVEL IV,-999,GENERAL ACUTE CARE,420996096,IMAGERY/OTHER,NOT AVAILABLE,76801,NOT AVAILABLE,b'\x00\x00\x00\x00\x01\xc0X\xbf\x9a\xf9@\x1dP@?\xadfi@\x8bp',"{'xmin': -98.99383383999998, 'ymin': 31.677343920000055, 'xmax': -98.99383383999998, 'ymax': 31.677343920000055}"
1700 COGDELL BLVD,NOT AVAILABLE,25,SNYDER,USA,SCURRY,48415,Y,49779549,32.68793228,-100.9170925,622110,GENERAL MEDICAL AND SURGICAL HOSPITALS,COGDELL MEMORIAL HOSPITAL,13990,NON-PROFIT,25,https://www.hhs.texas.gov/providers/health-care-facilities-regulation,459016192,TX,8691,OPEN,48,(325) 574-7437,LEVEL IV,-999,CRITICAL ACCESS,75396096,IMAGERY,NOT AVAILABLE,79549,NOT AVAILABLE,b'\x00\x00\x00\x00\x01\xc0Y:\xb1\xa4\xe8\xad(@@X\x0e*:;@',"{'xmin': -100.91709254, 'ymin': 32.68793228000004, 'xmax': -100.91709254, 'ymax': 32.68793228000004}"
997 WEST I-20,NOT AVAILABLE,25,COLORADO CITY,USA,MITCHELL,48335,Y,11479512,32.40643731,-100.8759346,622110,GENERAL MEDICAL AND SURGICAL HOSPITALS,MITCHELL COUNTY HOSPITAL,14228,GOVERNMENT - LOCAL,25,https://www.hhs.texas.gov/providers/health-care-facilities-regulation,459016192,TX,75,OPEN,48,(325) 728-3431,LEVEL IV,-999,CRITICAL ACCESS,420996096,IMAGERY,NOT AVAILABLE,79512,NOT AVAILABLE,b'\x00\x00\x00\x00\x01\xc0Y8\x0fO\xf4_\x0c@@4\x06#E)\x80',"{'xmin': -100.87593458999999, 'ymin': 32.40643731, 'xmax': -100.87593458999999, 'ymax': 32.40643731}"
200 EAST ARIZONA,NOT AVAILABLE,86,SWEETWATER,USA,NOLAN,48353,Y,52679556,32.45321238,-100.3973167,622110,GENERAL MEDICAL AND SURGICAL HOSPITALS,ROLLING PLAINS MEMORIAL HOSPITAL,14305,NON-PROFIT,86,https://www.hhs.texas.gov/providers/health-care-facilities-regulation,459016192,TX,471,OPEN,48,(325) 235-1701,LEVEL IV,-999,GENERAL ACUTE CARE,-1281971200,IMAGERY/OTHER,NOT AVAILABLE,79556,NOT AVAILABLE,b'\x00\x00\x00\x00\x01\xc0Y\x19m\xa2\xdb6\xc8@@:\x02\xdc\xff\x1f\x08',"{'xmin': -100.39731666, 'ymin': 32.453212380000025, 'xmax': -100.39731666, 'ymax': 32.453212380000025}"
1900 PINE,NOT AVAILABLE,540,ABILENE,USA,TAYLOR,48441,Y,2079601,32.47217647,-99.7339544,622110,GENERAL MEDICAL AND SURGICAL HOSPITALS,HENDRICK MEDICAL CENTER,14100,NON-PROFIT,540,https://www.hhs.texas.gov/providers/health-care-facilities-regulation,459016192,TX,500,OPEN,48,(325) 670-2000,LEVEL III,-999,GENERAL ACUTE CARE,-1281971200,IMAGERY,http://www.ehendrick.org/main/home.aspx,79601,NOT AVAILABLE,b'\x00\x00\x00\x00\x01\xc0X\xee\xf9\x1b\xe00T@@<pGPK\xa0',"{'xmin': -99.73395439999996, 'ymin': 32.47217647000002, 'xmax': -99.73395439999996, 'ymax': 32.47217647000002}"
1900 PINE STREET 7TH FLOOR,NOT AVAILABLE,23,ABILENE,USA,TAYLOR,48441,Y,2179601,32.47234716,-99.73327938,622310,SPECIALTY (EXCEPT PSYCHIATRIC AND SUBSTANCE ABUSE) HOSPITALS,CONTINUECARE HOSPITAL AT HENDRICK MEDICAL CENTER,13997,NON-PROFIT,23,https://www.hhs.texas.gov/providers/health-care-facilities-regulation,459016192,TX,100285,OPEN,48,(325) 670-6251,NOT AVAILABLE,-999,LONG TERM CARE,-1281971200,IMAGERY,NOT AVAILABLE,79601,NOT AVAILABLE,b'\x00\x00\x00\x00\x01\xc0X\xee\xee\x0c\xa2\xfb\x98@@<u\xdf*G\x80',"{'xmin': -99.73327938, 'ymin': 32.47234716000003, 'xmax': -99.73327938, 'ymax': 32.47234716000003}"
200 SOUTH GENEVA,NOT AVAILABLE,40,BRECKENRIDGE,USA,STEPHENS,48429,Y,8676424,32.75395574,-98.88721085,622110,GENERAL MEDICAL AND SURGICAL HOSPITALS,STEPHENS MEMORIAL HOSPITAL,14355,NON-PROFIT,40,https://www.hhs.texas.gov/providers/health-care-facilities-regulation,459016192,TX,100221,OPEN,48,(254) 559-2241,LEVEL IV,-999,GENERAL ACUTE CARE,-1220603904,IMAGERY,NOT AVAILABLE,76424,NOT AVAILABLE,b'\x00\x00\x00\x00\x01\xc0X\xb8\xc8\x10\x04Z\x00@@`\x81\x9f&\xf7@',"{'xmin': -98.88721084999997, 'ymin': 32.75395574000004, 'xmax': -98.88721084999997, 'ymax': 32.75395574000004}"
701 SOUTHEAST 5TH STREET,NOT AVAILABLE,25,KNOX CITY,USA,KNOX,48275,N,33279529,33.41380466,-99.81155305,622110,GENERAL MEDICAL AND SURGICAL HOSPITALS,KNOX COUNTY HOSPITAL,14138,GOVERNMENT - LOCAL,25,https://www.hhs.texas.gov/providers/health-care-facilities-regulation,459016192,TX,568,OPEN,48,(940) 657-3535,LEVEL IV,-999,CRITICAL ACCESS,-97403904,IMAGERY/OTHER,NOT AVAILABLE,79529,NOT AVAILABLE,b'\x00\x00\x00\x00\x01\xc0X\xf3\xf0|4.\x04@@\xb4\xf7\x8d\x14\xd0\xf8',"{'xmin': -99.81155304999999, 'ymin': 33.41380466000004, 'xmax': -99.81155304999999, 'ymax': 33.41380466000004}"
200 STADIUM DRIVE,NOT AVAILABLE,25,SEYMOUR,USA,BAYLOR,48023,Y,48576380,33.59017066,-99.24869746,622110,GENERAL MEDICAL AND SURGICAL HOSPITALS,SEYMOUR HOSPITAL,14317,NON-PROFIT,25,https://www.hhs.texas.gov/providers/health-care-facilities-regulation,459016192,TX,546,OPEN,48,(940) 889-5572,LEVEL IV,-999,GENERAL ACUTE CARE,420996096,IMAGERY,http://www.seymourhospital.com/,76380,NOT AVAILABLE,b'\x00\x00\x00\x00\x01\xc0X\xcf\xea\xa8\xc0S\x14@@\xcb\x8a\xb6Q\xe1 ',"{'xmin': -99.24869745999996, 'ymin': 33.59017066000001, 'xmax': -99.24869745999996, 'ymax': 33.59017066000001}"
901 WEST HAMILTON STREET,NOT AVAILABLE,25,OLNEY,USA,YOUNG,48503,Y,40776374,33.36936482,-98.76430459,622110,GENERAL MEDICAL AND SURGICAL HOSPITALS,HAMILTON HOSPITAL,14078,NON-PROFIT,25,https://www.hhs.texas.gov/providers/health-care-facilities-regulation,459016192,TX,294,OPEN,48,(940) 564-5521,LEVEL IV,-999,CRITICAL ACCESS,-11003904,IMAGERY/OTHER,http://www.olneyhamiltonhospital.com,76374,NOT AVAILABLE,b'\x00\x00\x00\x00\x01\xc0X\xb0\xea]\xcc\x8e\xe4@@\xafGX\xaf\x18\xb8',"{'xmin': -98.76430459, 'ymin': 33.369364820000044, 'xmax': -98.76430459, 'ymax': 33.369364820000044}"
2201 SOUTH CLEAR CREEK ROAD,NOT AVAILABLE,170,KILLEEN,USA,BELL,48027,Y,32376549,31.11344991,-97.80167081,622110,GENERAL MEDICAL AND SURGICAL HOSPITALS,ADVENTHEALTH CENTRAL TEXAS,13843,NON-PROFIT,170,https://www.hhs.texas.gov/providers/health-care-facilities-regulation,459016192,TX,397,OPEN,48,(254) 519-8165,LEVEL IV,-999,GENERAL ACUTE CARE,420996096,IMAGERY,http://www.mplex.org,76549,NOT AVAILABLE,b'\x00\x00\x00\x00\x01\xc0XsN\x93\x15\xc6\xe4@?\x1d\x0b\r\xa5/0',"{'xmin': -97.80167080999996, 'ymin': 31.113449910000043, 'xmax': -97.80167080999996, 'ymax': 31.113449910000043}"
6901 MEDICAL PARKWAY,NOT AVAILABLE,237,WACO,USA,MCLENNAN,48309,Y,55276702,31.51425066,-97.19949097,622110,GENERAL MEDICAL AND SURGICAL HOSPITALS,ASCENSION PROVIDENCE,13849,NON-PROFIT,237,https://www.hhs.texas.gov/providers/health-care-facilities-regulation,459016192,TX,40,OPEN,48,(254) 751-4000,NOT AVAILABLE,-999,GENERAL ACUTE CARE,420996096,IMAGERY/OTHER,http://providence.net/facilities/providence-hospital.html,76712,NOT AVAILABLE,b'\x00\x00\x00\x00\x01\xc0XL\xc4u\xc5\xff\xd4@?\x83\xa5\xeef\xa5\x80',"{'xmin': -97.19949097, 'ymin': 31.514250660000016, 'xmax': -97.19949097, 'ymax': 31.514250660000016}"
400 NORTH BROWN AVENUE,NOT AVAILABLE,25,HAMILTON,USA,HAMILTON,48193,Y,23876531,31.70438018,-98.11377982,622110,GENERAL MEDICAL AND SURGICAL HOSPITALS,HAMILTON GENERAL HOSPITAL,14077,NON-PROFIT,25,https://www.hhs.texas.gov/providers/health-care-facilities-regulation,459016192,TX,640,OPEN,48,(254) 386-1950,LEVEL IV,-999,CRITICAL ACCESS,-183803904,IMAGERY,NOT AVAILABLE,76531,NOT AVAILABLE,"b""\x00\x00\x00\x00\x01\xc0X\x87H+'v\x10@?\xb4RBm\r\x00""","{'xmin': -98.11377981999999, 'ymin': 31.704380180000044, 'xmax': -98.11377981999999, 'ymax': 31.704380180000044}"
101 CIRCLE DRIVE,NOT AVAILABLE,25,HILLSBORO,USA,HILL,48217,Y,24876645,32.01263139,-97.09925968,622110,GENERAL MEDICAL AND SURGICAL HOSPITALS,HILL REGIONAL HOSPITAL,14106,PROPRIETARY,25,https://www.hhs.texas.gov/providers/health-care-facilities-regulation,459016192,TX,383,OPEN,48,(254) 580-8500,LEVEL IV,-999,CRITICAL ACCESS,-183803904,IMAGERY,http://www.hillregionalhospital.com/,76645,NOT AVAILABLE,b'\x00\x00\x00\x00\x01\xc0XFZEE\xdaT@@\x01\x9d\xe7\xc7z\x00',"{'xmin': -97.09925967999999, 'ymin': 32.012631390000024, 'xmax': -97.09925967999999, 'ymax': 32.012631390000024}"
3201 WEST HIGHWAY 22,NOT AVAILABLE,162,CORSICANA,USA,NAVARRO,48349,Y,13575835,32.08363128,-96.50359892,622110,GENERAL MEDICAL AND SURGICAL HOSPITALS,NAVARRO REGIONAL HOSPITAL,14233,PROPRIETARY,162,https://www.hhs.texas.gov/providers/health-care-facilities-regulation,459016192,TX,141,OPEN,48,(903) 654-6805,LEVEL IV,-999,GENERAL ACUTE CARE,420996096,IMAGERY/OTHER,http://www.navarrohospital.com,75110,NOT AVAILABLE,b'\x00\x00\x00\x00\x01\xc0X :\xf6\xf6\xec\xdc@@\n\xb4n\x06B\xe8',"{'xmin': -96.50359892, 'ymin': 32.08363128000002, 'xmax': -96.50359892, 'ymax': 32.08363128000002}"
2900 SOUTH LOOP 256,NOT AVAILABLE,90,PALESTINE,USA,ANDERSON,48001,Y,41175801,31.73259668,-95.62722756,622110,GENERAL MEDICAL AND SURGICAL HOSPITALS,PALESTINE REGIONAL MEDICAL CENTER,14257,PROPRIETARY,90,https://www.hhs.texas.gov/providers/health-care-facilities-regulation,459016192,TX,629,OPEN,48,(903) 731-1184,LEVEL IV,-999,GENERAL ACUTE CARE,420996096,IMAGERY,http://www.palestineregional.com/,75801,NOT AVAILABLE,b'\x00\x00\x00\x00\x01\xc0W\xe8$\x7f\x10Vd@?\xbb\x8bt\xbd\xc2 ',"{'xmin': -95.62722756, 'ymin': 31.73259668000003, 'xmax': -95.62722756, 'ymax': 31.73259668000003}"
2000 SOUTH PALESTINE STREET,NOT AVAILABLE,127,ATHENS,USA,HENDERSON,48213,Y,4575751,32.1694447,-95.8462337,622110,GENERAL MEDICAL AND SURGICAL HOSPITALS,UT HEALTH EAST TEXAS ATHENS HOSPITAL,14436,PROPRIETARY,127,https://www.hhs.texas.gov/providers/health-care-facilities-regulation,459016192,TX,100426,OPEN,48,(903) 676-1000,LEVEL IV,-999,GENERAL ACUTE CARE,420996096,IMAGERY,http://www.etmc.org,75751,NOT AVAILABLE,b'\x00\x00\x00\x00\x01\xc0W\xf6(\xb1d\x91x@@\x15\xb0]*}\x88',"{'xmin': -95.84623369999997, 'ymin': 32.16944470000004, 'xmax': -95.84623369999997, 'ymax': 32.16944470000004}"
1310 PALUXY ROAD,NOT AVAILABLE,73,GRANBURY,USA,HOOD,48221,Y,22576048,32.43248931,-97.8038485,622110,GENERAL MEDICAL AND SURGICAL HOSPITALS,LAKE GRANBURY MEDICAL CENTER,14142,PROPRIETARY,73,https://www.hhs.texas.gov/providers/health-care-facilities-regulation,459016192,TX,424,OPEN,48,(817) 573-2273,LEVEL IV,-999,GENERAL ACUTE CARE,-529403904,IMAGERY,http://www.lakegranburymedicalcenter.com/lake-granbury-medical-center/home.aspx,76048,NOT AVAILABLE,b'\x00\x00\x00\x00\x01\xc0Xsr@\xfa\x9c\x10@@7[\xcfI(\xf0',"{'xmin': -97.80384849999996, 'ymin': 32.43248931000005, 'xmax': -97.80384849999996, 'ymax': 32.43248931000005}"
400 SOUTHWEST 25TH AVENUE,NOT AVAILABLE,74,MINERAL WELLS,USA,PALO PINTO,48363,Y,38876067,32.79892076,-98.14509078,622110,GENERAL MEDICAL AND SURGICAL HOSPITALS,PALO PINTO GENERAL HOSPITAL,14259,NON-PROFIT,74,https://www.hhs.texas.gov/providers/health-care-facilities-regulation,459016192,TX,34,OPEN,48,(940) 325-7891,LEVEL IV,-999,GENERAL ACUTE CARE,420996096,IMAGERY,http://www.ppgh.com,76067,NOT AVAILABLE,b'\x00\x00\x00\x00\x01\xc0X\x89I*\xd6\xc3D@@fC\t\x14%\xd8',"{'xmin': -98.14509077999998, 'ymin': 32.798920760000044, 'xmax': -98.14509077999998, 'ymax': 32.798920760000044}"
713 E ANDERSON ST,NOT AVAILABLE,103,WEATHERFORD,USA,PARKER,48367,Y,55776086,32.74811822,-97.78581052,622110,GENERAL MEDICAL AND SURGICAL HOSPITALS,MEDICAL CITY WEATHERFORD,14182,PROPRIETARY,103,https://www.hhs.texas.gov/providers/health-care-facilities-regulation,459016192,TX,100400,OPEN,48,(682) 582-1000,LEVEL IV,-999,GENERAL ACUTE CARE,420996096,IMAGERY,NOT AVAILABLE,76086,NOT AVAILABLE,"b'\x00\x00\x00\x00\x01\xc0XrJ\xb85\x10,@@_\xc2V|8\x90'","{'xmin': -97.78581051999998, 'ymin': 32.74811822000004, 'xmax': -97.78581051999998, 'ymax': 32.74811822000004}"
2300 LONE STAR ROAD,NOT AVAILABLE,59,MANSFIELD,USA,JOHNSON,48251,Y,196784850,32.53675421,-97.09949118,622110,GENERAL MEDICAL AND SURGICAL HOSPITALS,TEXAS HEALTH HOSPITAL MANSFIELD,14378,NON-PROFIT,59,https://www.hhs.texas.gov/providers/health-care-facilities-regulation,459016192,TX,100524,OPEN,48,(682) 341-5000,NOT AVAILABLE,-999,GENERAL ACUTE CARE,1206725632,IMAGERY/OTHER,NOT AVAILABLE,76063,NOT AVAILABLE,b'\x00\x00\x00\x00\x01\xc0XF^\x10A\x15\xc8@@D\xb4\\\xa8\xf8`',"{'xmin': -97.09949117999997, 'ymin': 32.536754210000026, 'xmax': -97.09949117999997, 'ymax': 32.536754210000026}"
2700 E BROAD ST,NOT AVAILABLE,262,MANSFIELD,USA,TARRANT,48439,Y,36976063,32.56798994,-97.09444484,622110,GENERAL MEDICAL AND SURGICAL HOSPITALS,METHODIST MANSFIELD MEDICAL CENTER,14212,NON-PROFIT,262,https://www.hhs.texas.gov/providers/health-care-facilities-regulation,459016192,TX,8428,OPEN,48,(682) 242-6000,LEVEL III,-999,GENERAL ACUTE CARE,420996096,IMAGERY/OTHER,NOT AVAILABLE,76063,NOT AVAILABLE,b'\x00\x00\x00\x00\x01\xc0XF\x0bb^\xc4\xdc@@H\xb3\xe4\xf4`\xe8',"{'xmin': -97.09444484, 'ymin': 32.56798994000002, 'xmax': -97.09444484, 'ymax': 32.56798994000002}"
3301 MATLOCK RD,NOT AVAILABLE,431,ARLINGTON,USA,TARRANT,48439,Y,4176015,32.69232531,-97.11271638,622110,GENERAL MEDICAL AND SURGICAL HOSPITALS,MEDICAL CITY ARLINGTON,14172,PROPRIETARY,431,https://www.hhs.texas.gov/providers/health-care-facilities-regulation,459016192,TX,502,OPEN,48,(817) 465-3241,LEVEL II,-999,GENERAL ACUTE CARE,420996096,IMAGERY,NOT AVAILABLE,76015,NOT AVAILABLE,b'\x00\x00\x00\x00\x01\xc0XG6\xbe\xc3t\xb4@@X\x9e\x1d\xa2RP',"{'xmin': -97.11271638, 'ymin': 32.69232531, 'xmax': -97.11271638, 'ymax': 32.69232531}"
4401 BOOTH CALLOWAY ROAD,NOT AVAILABLE,164,NORTH RICHLAND HILLS,USA,TARRANT,48439,Y,40276180,32.82908072,-97.21350556,622110,GENERAL MEDICAL AND SURGICAL HOSPITALS,MEDICAL CITY NORTH HILLS,14180,PROPRIETARY,164,https://www.hhs.texas.gov/providers/health-care-facilities-regulation,459016192,TX,437,OPEN,48,(817) 255-1000,LEVEL III,-999,GENERAL ACUTE CARE,420996096,IMAGERY,http://northhillshospital.com/,76180,NOT AVAILABLE,b'\x00\x00\x00\x00\x01\xc0XM\xaa\x139m\xb4@@j\x1fQ)\x12x',"{'xmin': -97.21350555999999, 'ymin': 32.829080720000036, 'xmax': -97.21350555999999, 'ymax': 32.829080720000036}"
800 W RANDOL MILL RD,NOT AVAILABLE,369,ARLINGTON,USA,TARRANT,48439,Y,1276012,32.74889729,-97.11581999,622110,GENERAL MEDICAL AND SURGICAL HOSPITALS,TEXAS HEALTH ARLINGTON MEMORIAL HOSPITAL,14365,NON-PROFIT,369,https://www.hhs.texas.gov/providers/health-care-facilities-regulation,459016192,TX,422,OPEN,48,(817) 960-6535,LEVEL IV,-999,GENERAL ACUTE CARE,420996096,IMAGERY,NOT AVAILABLE,76012,NOT AVAILABLE,b'\x00\x00\x00\x00\x01\xc0XGi\x98?Qx@@_\xdb\xdd\xccNx',"{'xmin': -97.11581998999998, 'ymin': 32.74889729, 'xmax': -97.11581998999998, 'ymax': 32.74889729}"
3101 N TARRANT PKWY,NOT AVAILABLE,99,FORT WORTH,USA,TARRANT,48439,Y,80876177,32.90029252,-97.31392872,622110,GENERAL MEDICAL AND SURGICAL HOSPITALS,MEDICAL CITY ALLIANCE,14171,PROPRIETARY,99,https://www.hhs.texas.gov/providers/health-care-facilities-regulation,459016192,TX,100288,OPEN,48,(817) 639-1100,LEVEL III,-999,GENERAL ACUTE CARE,-1447484416,IMAGERY,http://medicalcityalliance.com/,76177,NOT AVAILABLE,b'\x00\x00\x00\x00\x01\xc0XT\x17h|k4@@s<\xc9\t\x1d\xe8',"{'xmin': -97.31392871999998, 'ymin': 32.90029252000005, 'xmax': -97.31392871999998, 'ymax': 32.90029252000005}"
10864 TEXAS HEALTH TRL,NOT AVAILABLE,151,FORT WORTH,USA,TARRANT,48439,Y,142076244,32.93068061,-97.30991228,622110,GENERAL MEDICAL AND SURGICAL HOSPITALS,TEXAS HEALTH HARRIS METHODIST HOSPITAL ALLIANCE,14367,NON-PROFIT,151,https://www.hhs.texas.gov/providers/health-care-facilities-regulation,459016192,TX,100162,OPEN,48,(682) 212-2000,LEVEL III,-999,GENERAL ACUTE CARE,743992320,IMAGERY/OTHER,NOT AVAILABLE,76244,NOT AVAILABLE,b'\x00\x00\x00\x00\x01\xc0XS\xd5\x9aP\xce\xa4@@w \x8a\xcf|X',"{'xmin': -97.30991227999999, 'ymin': 32.930680610000024, 'xmax': -97.30991227999999, 'ymax': 32.930680610000024}"
4400 LONG PRAIRIE ROAD,NOT AVAILABLE,99,FLOWER MOUND,USA,DENTON,48121,Y,19575028,33.04551899,-97.06775674,622110,GENERAL MEDICAL AND SURGICAL HOSPITALS,TEXAS HEALTH PRESBYTERIAN HOSPITAL FLOWER MOUND,14384,PROPRIETARY,99,https://www.hhs.texas.gov/providers/health-care-facilities-regulation,459016192,TX,100056,OPEN,48,(469) 322-7000,NOT AVAILABLE,-999,GENERAL ACUTE CARE,420996096,IMAGERY,http://www.phfmtexas.com/,75028,NOT AVAILABLE,b'\x00\x00\x00\x00\x01\xc0XDV ]\x98\x8c@@\x85\xd3\x90\xf6\xb2\xd0',"{'xmin': -97.06775674, 'ymin': 33.045518990000005, 'xmax': -97.06775674, 'ymax': 33.045518990000005}"
215 CHISHOLM TRAIL,NOT AVAILABLE,17,JACKSBORO,USA,JACK,48237,Y,78676458,33.23066769,-98.16693865,622110,GENERAL MEDICAL AND SURGICAL HOSPITALS,FAITH COMMUNITY HOSPITAL,14062,NON-PROFIT,17,https://www.hhs.texas.gov/providers/health-care-facilities-regulation,459016192,TX,100322,OPEN,48,(940) 567-6633,LEVEL IV,-999,GENERAL ACUTE CARE,-1965884416,IMAGERY,https://www.fchtexas.com,76458,NOT AVAILABLE,b'\x00\x00\x00\x00\x01\xc0X\x8a\xaf\x1fr\x8c\x0c@@\x9d\x86\x84\xd4e\xa0',"{'xmin': -98.16693864999996, 'ymin': 33.23066769000002, 'xmax': -98.16693864999996, 'ymax': 33.23066769000002}"
609 MEDICAL CENTER DR,NOT AVAILABLE,99,DECATUR,USA,WISE,48497,Y,196785105,33.2177042,-97.5932944,622110,GENERAL MEDICAL AND SURGICAL HOSPITALS,MEDICAL CITY DECATUR,16175,NOT AVAILABLE,99,https://www.hhs.texas.gov/providers/health-care-facilities-regulation,459016192,TX,100621,OPEN,48,NOT AVAILABLE,NOT AVAILABLE,-999,GENERAL ACUTE CARE,-466351104,IMAGERY/OTHER,NOT AVAILABLE,76234,NOT AVAILABLE,b'\x00\x00\x00\x00\x01\xc0Xe\xf8\x89\x139\x98@@\x9b\xdd\xbb1\x99\xd8',"{'xmin': -97.59329439999999, 'ymin': 33.217704200000014, 'xmax': -97.59329439999999, 'ymax': 33.217704200000014}"
3000 I 35 NORTH,NOT AVAILABLE,255,DENTON,USA,DENTON,48121,Y,15976201,33.21761538,-97.16658896,622110,GENERAL MEDICAL AND SURGICAL HOSPITALS,TEXAS HEALTH PRESBYTERIAN HOSPITAL DENTON,14383,NON-PROFIT,255,https://www.hhs.texas.gov/providers/health-care-facilities-regulation,459016192,TX,8208,OPEN,48,(940) 898-7191,NOT AVAILABLE,-999,GENERAL ACUTE CARE,420996096,IMAGERY,http://www.dentonhospital.com,76201,NOT AVAILABLE,b'\x00\x00\x00\x00\x01\xc0XJ\xa9d\xbd\xc4\xc4@@\x9b\xda\xd2\x1e\x1ax',"{'xmin': -97.16658895999996, 'ymin': 33.21761538000004, 'xmax': -97.16658895999996, 'ymax': 33.21761538000004}"
3535 SOUTH I-35 EAST,NOT AVAILABLE,208,DENTON,USA,DENTON,48121,Y,15776210,33.17787453,-97.0914333,622110,GENERAL MEDICAL AND SURGICAL HOSPITALS,MEDICAL CITY DENTON,14174,PROPRIETARY,208,https://www.hhs.texas.gov/providers/health-care-facilities-regulation,459016192,TX,336,OPEN,48,(940) 384-3535,LEVEL II,-999,GENERAL ACUTE CARE,420996096,IMAGERY,NOT AVAILABLE,76210,NOT AVAILABLE,b'\x00\x00\x00\x00\x01\xc0XE\xda\x0b\x0eP\xfc@@\x96\xc4\x97\xb4\x92 ',"{'xmin': -97.0914333, 'ymin': 33.177874530000054, 'xmax': -97.0914333, 'ymax': 33.177874530000054}"
605 NORTH MAPLE STREET,NOT AVAILABLE,18,MUENSTER,USA,COOKE,48097,Y,39576252,33.65395734,-97.38032336,622110,GENERAL MEDICAL AND SURGICAL HOSPITALS,MUENSTER MEMORIAL HOSPITAL,14229,NON-PROFIT,18,https://www.hhs.texas.gov/providers/health-care-facilities-regulation,459016192,TX,365,OPEN,48,(940) 759-2271,LEVEL IV,-999,CRITICAL ACCESS,420996096,IMAGERY/OTHER,http://muensterhospital.com/,76252,NOT AVAILABLE,b'\x00\x00\x00\x00\x01\xc0XXW7\xcaF\xb4@@\xd3\xb4\xdf\xc6#\xc0',"{'xmin': -97.38032335999998, 'ymin': 33.653957340000034, 'xmax': -97.38032335999998, 'ymax': 33.653957340000034}"
1900 HOSPITAL BOULEVARD,NOT AVAILABLE,60,GAINESVILLE,USA,COOKE,48097,Y,21876240,33.64636264,-97.1627319,622110,GENERAL MEDICAL AND SURGICAL HOSPITALS,NORTH TEXAS MEDICAL CENTER,14243,NON-PROFIT,60,https://www.hhs.texas.gov/providers/health-care-facilities-regulation,459016192,TX,100453,OPEN,48,(940) 665-1751,LEVEL IV,-999,GENERAL ACUTE CARE,420996096,IMAGERY,http://www.ntmconline.net,76240,NOT AVAILABLE,b'\x00\x00\x00\x00\x01\xc0XJj3\x0f!\x04@@\xd2\xbc\x02\xd0\x14\x00',"{'xmin': -97.16273189999998, 'ymin': 33.64636264000001, 'xmax': -97.16273189999998, 'ymax': 33.64636264000001}"
1201 EAST US HIGHWAY 287,NOT AVAILABLE,46,MIDLOTHIAN,USA,ELLIS,48139,Y,196784844,32.46895653,-96.98200212,622110,GENERAL MEDICAL AND SURGICAL HOSPITALS,METHODIST MIDLOTHIAN MEDICAL CENTER,14214,NON-PROFIT,46,https://www.hhs.texas.gov/providers/health-care-facilities-regulation,459016192,TX,100529,OPEN,48,(469) 846-2000,NOT AVAILABLE,-999,GENERAL ACUTE CARE,1206725632,IMAGERY/OTHER,NOT AVAILABLE,76065,NOT AVAILABLE,"b'\x00\x00\x00\x00\x01\xc0X>\xd9\x1fk\x80,@@<\x06\xc4\x7f\xcc@'","{'xmin': -96.98200212, 'ymin': 32.468956530000014, 'xmax': -96.98200212, 'ymax': 32.468956530000014}"
3500 W WHEATLAND RD,NOT AVAILABLE,314,DALLAS,USA,DALLAS,48113,Y,58475237,32.64576186,-96.87684862,622110,GENERAL MEDICAL AND SURGICAL HOSPITALS,METHODIST CHARLTON MEDICAL CENTER,14206,NON-PROFIT,314,https://www.hhs.texas.gov/providers/health-care-facilities-regulation,459016192,TX,142,OPEN,48,(214) 947-7777,LEVEL III,-999,GENERAL ACUTE CARE,420996096,IMAGERY,NOT AVAILABLE,75237,NOT AVAILABLE,b'\x00\x00\x00\x00\x01\xc0X8\x1eI\xac\x9cT@@R\xa8S\x1a\xda(',"{'xmin': -96.87684861999998, 'ymin': 32.64576186000005, 'xmax': -96.87684861999998, 'ymax': 32.64576186000005}"
1441 NORTH BECKLEY AVENUE,NOT AVAILABLE,592,DALLAS,USA,DALLAS,48113,Y,59275265,32.76037381,-96.82602355,622110,GENERAL MEDICAL AND SURGICAL HOSPITALS,METHODIST DALLAS MEDICAL CENTER,14205,NON-PROFIT,592,https://www.hhs.texas.gov/providers/health-care-facilities-regulation,459016192,TX,255,OPEN,48,(214) 947-8181,LEVEL I,-999,GENERAL ACUTE CARE,-1281971200,IMAGERY/OTHER,NOT AVAILABLE,75203,NOT AVAILABLE,b'\x00\x00\x00\x00\x01\xc0X4\xdd\x91\xe1>t@@aS\xed\xd3W\xb0',"{'xmin': -96.82602355, 'ymin': 32.76037381000003, 'xmax': -96.82602355, 'ymax': 32.76037381000003}"
7400 BARLITE BOULEVARD,NOT AVAILABLE,325,SAN ANTONIO,USA,DALLAS,48113,Y,14475390,32.81198031,-96.83973141,622110,GENERAL MEDICAL AND SURGICAL HOSPITALS,TEXAS VISTA MEDICAL CENTER,14397,PROPRIETARY,325,https://www.hhs.texas.gov/providers/health-care-facilities-regulation,459016192,TX,228,OPEN,48,(210) 921-2000,LEVEL IV,-999,GENERAL ACUTE CARE,-1281971200,IMAGERY/OTHER,NOT AVAILABLE,78224,NOT AVAILABLE,b'\x00\x00\x00\x00\x01\xc0X5\xbe(\xcf\xd7\xec@@g\xee\xf8\x869\x18',"{'xmin': -96.83973140999996, 'ymin': 32.811980310000024, 'xmax': -96.83973140999996, 'ymax': 32.811980310000024}"
3500 GASTON AVENUE,NOT AVAILABLE,914,DALLAS,USA,DALLAS,48113,Y,168275246,32.78958516,-96.78027265,622110,GENERAL MEDICAL AND SURGICAL HOSPITALS,BAYLOR UNIVERSITY MEDICAL CENTER,13922,NON-PROFIT,914,https://www.hhs.texas.gov/providers/health-care-facilities-regulation,459016192,TX,331,OPEN,48,(214) 820-0111,LEVEL I,-999,GENERAL ACUTE CARE,-1713128448,IMAGERY/OTHER,http://www.baylorhealth.com/physicianslocations/dallas/pages/default.aspx,75246,NOT AVAILABLE,b'\x00\x00\x00\x00\x01\xc0X1\xef\xfc\xb2m\xa4@@e\x11 c\xcd\xb0',"{'xmin': -96.78027264999997, 'ymin': 32.78958516, 'xmax': -96.78027264999997, 'ymax': 32.78958516}"
6800 N MACARTHUR BLVD,NOT AVAILABLE,99,IRVING,USA,DALLAS,48113,Y,30875039,32.90173298,-96.95656507,622110,GENERAL MEDICAL AND SURGICAL HOSPITALS,MEDICAL CITY LAS COLINAS,14177,PROPRIETARY,99,https://www.hhs.texas.gov/providers/health-care-facilities-regulation,459016192,TX,814,OPEN,48,(972) 969-2000,LEVEL III,-999,GENERAL ACUTE CARE,420996096,IMAGERY,NOT AVAILABLE,75039,NOT AVAILABLE,b'\x00\x00\x00\x00\x01\xc0X=8\\\xb3\tT@@sk\xfc}i\x90',"{'xmin': -96.95656506999995, 'ymin': 32.90173298000002, 'xmax': -96.95656506999995, 'ymax': 32.90173298000002}"
7 MEDICAL PARKWAY,NOT AVAILABLE,155,DALLAS,USA,DALLAS,48113,N,59375381,32.91526053,-96.86979587,622110,GENERAL MEDICAL AND SURGICAL HOSPITALS,DALLAS MEDICAL CENTER,14019,PROPRIETARY,155,https://www.hhs.texas.gov/providers/health-care-facilities-regulation,459016192,TX,100214,OPEN,48,(972) 247-1000,LEVEL IV,-999,GENERAL ACUTE CARE,420996096,IMAGERY/OTHER,http://www.dallasmedcenter.com,75234,NOT AVAILABLE,"b""\x00\x00\x00\x00\x01\xc0X7\xaa\xbcK\xf6 @@u'A\xcd\xd5\xb8""","{'xmin': -96.86979586999996, 'ymin': 32.91526053000001, 'xmax': -96.86979586999996, 'ymax': 32.91526053000001}"
500 W MAIN ST,NOT AVAILABLE,186,LEWISVILLE,USA,DENTON,48121,Y,34075057,33.04524604,-97.0047628,622110,GENERAL MEDICAL AND SURGICAL HOSPITALS,MEDICAL CITY LEWISVILLE,14178,PROPRIETARY,186,https://www.hhs.texas.gov/providers/health-care-facilities-regulation,459016192,TX,394,OPEN,48,(469) 370-2707,LEVEL III,-999,GENERAL ACUTE CARE,420996096,IMAGERY,NOT AVAILABLE,75057,NOT AVAILABLE,b'\x00\x00\x00\x00\x01\xc0X@N\x08\xa1\x8f0@@\x85\xca\x9fK\tp',"{'xmin': -97.00476279999998, 'ymin': 33.04524604000005, 'xmax': -97.00476279999998, 'ymax': 33.04524604000005}"
3901 W 15TH ST,NOT AVAILABLE,603,PLANO,USA,COLLIN,48085,Y,42275075,33.020893,-96.7660152,622110,GENERAL MEDICAL AND SURGICAL HOSPITALS,MEDICAL CITY PLANO,14181,PROPRIETARY,603,https://www.hhs.texas.gov/providers/health-care-facilities-regulation,459016192,TX,214,OPEN,48,(972) 519-1105,LEVEL I,-999,GENERAL ACUTE CARE,161796096,IMAGERY,NOT AVAILABLE,75075,NOT AVAILABLE,b'\x00\x00\x00\x00\x01\xc0X1\x06d\x9e\x0fH@@\x82\xac\x9f/\xdb\x90',"{'xmin': -96.76601519999997, 'ymin': 33.020893, 'xmax': -96.76601519999997, 'ymax': 33.020893}"
1011 NORTH GALLOWAY AVE,NOT AVAILABLE,202,MESQUITE,USA,DALLAS,48113,Y,37975149,32.77879048,-96.60051029,622110,GENERAL MEDICAL AND SURGICAL HOSPITALS,DALLAS REGIONAL MEDICAL CENTER,14020,PROPRIETARY,202,https://www.hhs.texas.gov/providers/health-care-facilities-regulation,459016192,TX,100292,OPEN,48,(214) 320-7787,LEVEL IV,-999,GENERAL ACUTE CARE,420996096,IMAGERY,NOT AVAILABLE,75149,NOT AVAILABLE,b'\x00\x00\x00\x00\x01\xc0X&n\xc2\xb6\x1d\x88@@c\xafh\r\x04\xa8',"{'xmin': -96.60051028999999, 'ymin': 32.778790480000055, 'xmax': -96.60051028999999, 'ymax': 32.778790480000055}"
2831 E PRES GEORGE BUSH HWY,NOT AVAILABLE,269,RICHARDSON,USA,COLLIN,48085,Y,73475082,32.99608156,-96.66649032,622110,GENERAL MEDICAL AND SURGICAL HOSPITALS,METHODIST RICHARDSON MEDICAL CENTER,14216,NON-PROFIT,269,https://www.hhs.texas.gov/providers/health-care-facilities-regulation,459016192,TX,100131,OPEN,48,(469) 204-2000,NOT AVAILABLE,-999,GENERAL ACUTE CARE,-1213317120,IMAGERY,NOT AVAILABLE,75082,NOT AVAILABLE,"b'\x00\x00\x00\x00\x01\xc0X*\xa7\xc7\x03\xe0\x08@@\x7f\x7f\x99\xbe,\xa8'","{'xmin': -96.66649031999998, 'ymin': 32.99608156000005, 'xmax': -96.66649031999998, 'ymax': 32.99608156000005}"
12400 DALLAS PKWY,NOT AVAILABLE,63,FRISCO,USA,COLLIN,48085,N,196784174,33.1813799,-96.838899,622110,GENERAL MEDICAL AND SURGICAL HOSPITALS,TEXAS HEALTH HOSPITAL FRISCO,14377,NON-PROFIT,63,https://www.hhs.texas.gov/providers/health-care-facilities-regulation,459016192,TX,100500,OPEN,48,(469) 495-2000,NOT AVAILABLE,-999,GENERAL ACUTE CARE,-496241664,IMAGERY/OTHER,NOT AVAILABLE,75033,NOT AVAILABLE,b'\x00\x00\x00\x00\x01\xc0X5\xb0\x85nih@@\x977t\xe1Sp',"{'xmin': -96.83889899999997, 'ymin': 33.181379900000024, 'xmax': -96.83889899999997, 'ymax': 33.181379900000024}"
1105 CENTRAL EXPY N,NOT AVAILABLE,88,ALLEN,USA,COLLIN,48085,Y,475013,33.11597732,-96.67310105,622110,GENERAL MEDICAL AND SURGICAL HOSPITALS,TEXAS HEALTH PRESBYTERIAN HOSPITAL ALLEN,14381,NON-PROFIT,88,https://www.hhs.texas.gov/providers/health-care-facilities-regulation,459016192,TX,7242,OPEN,48,(972) 747-1000,LEVEL IV,-999,GENERAL ACUTE CARE,420996096,IMAGERY,NOT AVAILABLE,75013,NOT AVAILABLE,b'\x00\x00\x00\x00\x01\xc0X+\x14\x16m)\xcc@@\x8e\xd8XF=(',"{'xmin': -96.67310104999996, 'ymin': 33.11597732000001, 'xmax': -96.67310104999996, 'ymax': 33.11597732000001}"
4500 MEDICAL CENTER DR,NOT AVAILABLE,281,MCKINNEY,USA,COLLIN,48085,Y,37475069,33.15972664,-96.63669338,622110,GENERAL MEDICAL AND SURGICAL HOSPITALS,MEDICAL CITY MCKINNEY,14179,PROPRIETARY,281,https://www.hhs.texas.gov/providers/health-care-facilities-regulation,459016192,TX,246,OPEN,48,(972) 547-8001,LEVEL III,-999,GENERAL ACUTE CARE,420996096,IMAGERY,NOT AVAILABLE,75069,NOT AVAILABLE,b'\x00\x00\x00\x00\x01\xc0X(\xbf\x95\x97+\x80@@\x94q\xec+\x8c\xd0',"{'xmin': -96.63669338, 'ymin': 33.15972664000003, 'xmax': -96.63669338, 'ymax': 33.15972664000003}"
5016 SOUTH US HIGHWAY 75,NOT AVAILABLE,333,DENISON,USA,GRAYSON,48181,Y,15875020,33.70971782,-96.58508703,622110,GENERAL MEDICAL AND SURGICAL HOSPITALS,TEXOMA MEDICAL CENTER,14398,PROPRIETARY,333,https://www.hhs.texas.gov/providers/health-care-facilities-regulation,459016192,TX,8470,OPEN,48,(903) 416-4000,LEVEL III,-999,GENERAL ACUTE CARE,420996096,IMAGERY,http://www.texomamedicalcenter.net,75020,NOT AVAILABLE,b'\x00\x00\x00\x00\x01\xc0X%r\x10\xde\xcax@@\xda\xd8\x08\x95$\xf0',"{'xmin': -96.58508702999995, 'ymin': 33.70971782000004, 'xmax': -96.58508702999995, 'ymax': 33.70971782000004}"
301 EAST DIVISION STREET,NOT AVAILABLE,54,GREENVILLE,USA,HUNT,48231,N,23475402,33.12369603,-96.08228748,622210,PSYCHIATRIC AND SUBSTANCE ABUSE HOSPITALS,GLEN OAKS HOSPITAL,14500,PROPRIETARY,54,https://www.hhs.texas.gov/providers/health-care-facilities-regulation,459016192,TX,754,OPEN,48,(903) 454-6000,NOT AVAILABLE,-999,PSYCHIATRIC,420996096,IMAGERY,NOT AVAILABLE,75402,NOT AVAILABLE,b'\x00\x00\x00\x00\x01\xc0X\x05D2\xb4\xde\x18@@\x8f\xd5E\x81\xbf`',"{'xmin': -96.08228747999999, 'ymin': 33.12369603000002, 'xmax': -96.08228747999999, 'ymax': 33.12369603000002}"
12141 RICHMOND AVENUE,NOT AVAILABLE,273,HOUSTON,USA,HARRIS,48201,Y,26177082,29.72934166,-95.59448362,622110,GENERAL MEDICAL AND SURGICAL HOSPITALS,HCA HOUSTON HEALTHCARE WEST,14095,PROPRIETARY,273,https://www.hhs.texas.gov/providers/health-care-facilities-regulation,459016192,TX,337,OPEN,48,(281) 558-3444,LEVEL IV,-999,GENERAL ACUTE CARE,420996096,IMAGERY,http://www.westhoustonmedical.com,77082,NOT AVAILABLE,"b'\x00\x00\x00\x00\x01\xc0W\xe6\x0c\x05\x06z\x18@=\xba\xb6""\x91O\x80'","{'xmin': -95.59448362, 'ymin': 29.729341660000046, 'xmax': -95.59448362, 'ymax': 29.729341660000046}"
921 GESSNER ROAD,NOT AVAILABLE,444,HOUSTON,USA,HARRIS,48201,Y,26677024,29.78144747,-95.54675969,622110,GENERAL MEDICAL AND SURGICAL HOSPITALS,MEMORIAL HERMANN MEMORIAL CITY MEDICAL CENTER,14188,NON-PROFIT,444,https://www.hhs.texas.gov/providers/health-care-facilities-regulation,459016192,TX,302,OPEN,48,(713) 932-3000,LEVEL IV,-999,GENERAL ACUTE CARE,-1281971200,IMAGERY/OTHER,http://www.memorialhermann.org/locations/memorial-city/,77024,NOT AVAILABLE,b'\x00\x00\x00\x00\x01\xc0W\xe2\xfe\x1cZ\xd4\x8c@=\xc8\x0c\xf0\xff10',"{'xmin': -95.54675968999999, 'ymin': 29.781447470000046, 'xmax': -95.54675968999999, 'ymax': 29.781447470000046}"
6621 FANNIN STREET,NOT AVAILABLE,737,HOUSTON,USA,HARRIS,48201,Y,25877030,29.70777848,-95.40165263,622110,"CHILDREN'S HOSPITALS, GENERAL",TEXAS CHILDRENS HOSPITAL,14362,NON-PROFIT,737,https://www.hhs.texas.gov/providers/health-care-facilities-regulation,459016192,TX,117,OPEN,48,(832) 824-1000,LEVEL I,-999,CHILDREN,420996096,IMAGERY/OTHER,NOT AVAILABLE,77030,NOT AVAILABLE,b'\x00\x00\x00\x00\x01\xc0W\xd9\xb4\xad;\x8c\xf4@=\xb50\xf8pi\xa0',"{'xmin': -95.40165263, 'ymin': 29.70777848, 'xmax': -95.40165263, 'ymax': 29.70777848}"
6565 FANNIN ST,NOT AVAILABLE,1398,HOUSTON,USA,HARRIS,48201,Y,137877030,29.71052314,-95.39893888,622110,GENERAL MEDICAL AND SURGICAL HOSPITALS,HOUSTON METHODIST HOSPITAL,14111,NON-PROFIT,1398,https://www.hhs.texas.gov/providers/health-care-facilities-regulation,459016192,TX,124,OPEN,48,(713) 790-3311,NOT AVAILABLE,-999,GENERAL ACUTE CARE,1867192320,IMAGERY/OTHER,NOT AVAILABLE,77030,2707,b'\x00\x00\x00\x00\x01\xc0W\xd9\x886\xf0\xac\xfc@=\xb5\xe4\xd81Y\xf0',"{'xmin': -95.39893888, 'ymin': 29.71052314000002, 'xmax': -95.39893888, 'ymax': 29.71052314000002}"
1401 ST JOSEPH PARKWAY,NOT AVAILABLE,744,HOUSTON,USA,HARRIS,48201,Y,25377002,29.74811613,-95.36614814,622110,GENERAL MEDICAL AND SURGICAL HOSPITALS,ST JOSEPH MEDICAL CENTER,14341,PROPRIETARY,744,https://www.hhs.texas.gov/providers/health-care-facilities-regulation,459016192,TX,8386,OPEN,48,(713) 756-5007,LEVEL III,-999,GENERAL ACUTE CARE,-1281971200,IMAGERY,http://www.sjmctx.com,77002,NOT AVAILABLE,b'\x00\x00\x00\x00\x01\xc0W\xd7n\xf8\x9b\xb2\xa4@=\xbf\x84\x89\xe7\xf5\xd0',"{'xmin': -95.36614814, 'ymin': 29.748116130000028, 'xmax': -95.36614814, 'ymax': 29.748116130000028}"
510 WEST TIDWELL ROAD,NOT AVAILABLE,117,HOUSTON,USA,HARRIS,48201,Y,29677070,29.84781277,-95.40845777,622110,GENERAL MEDICAL AND SURGICAL HOSPITALS,UNITED MEMORIAL MEDICAL CENTER,14428,PROPRIETARY,117,https://www.hhs.texas.gov/providers/health-care-facilities-regulation,459016192,TX,8450,OPEN,48,(281) 618-8505,LEVEL IV,-999,GENERAL ACUTE CARE,-183803904,IMAGERY,http://www.ummc.care/,77091,NOT AVAILABLE,"b'\x00\x00\x00\x00\x01\xc0W\xda$,\x0e\xfc\x9c@=\xd9\nA\xf8H\x00'","{'xmin': -95.40845776999998, 'ymin': 29.84781277000002, 'xmax': -95.40845776999998, 'ymax': 29.84781277000002}"
500 MEDICAL CENTER BOULEVARD,NOT AVAILABLE,532,WEBSTER,USA,HARRIS,48201,Y,55577598,29.54130675,-95.12781514,622110,GENERAL MEDICAL AND SURGICAL HOSPITALS,HCA HOUSTON HEALTHCARE CLEAR LAKE,14085,PROPRIETARY,532,https://www.hhs.texas.gov/providers/health-care-facilities-regulation,459016192,TX,212,OPEN,48,(281) 332-2511,LEVEL II,-999,GENERAL ACUTE CARE,420996096,IMAGERY,http://www.clearlakermc.com,77598,NOT AVAILABLE,b'\x00\x00\x00\x00\x01\xc0W\xc8.\x1f\x8d\x8e\xf4@=\x8a\x93\x14DZ\xb0',"{'xmin': -95.12781514, 'ymin': 29.541306750000047, 'xmax': -95.12781514, 'ymax': 29.541306750000047}"
4000 SPENCER HIGHWAY,NOT AVAILABLE,341,PASADENA,USA,HARRIS,48201,Y,41577504,29.66106027,-95.1838147,622110,GENERAL MEDICAL AND SURGICAL HOSPITALS,HCA HOUSTON HEALTHCARE SOUTHEAST,14093,PROPRIETARY,341,https://www.hhs.texas.gov/providers/health-care-facilities-regulation,459016192,TX,349,OPEN,48,(713) 359-2000,LEVEL III,-999,GENERAL ACUTE CARE,420996096,IMAGERY,http://www.bayshoremedical.com,77504,NOT AVAILABLE,b'\x00\x00\x00\x00\x01\xc0W\xcb\xc3\x9e\xbbA\x88@=\xa9;>\xf0U\xc0',"{'xmin': -95.18381469999997, 'ymin': 29.661060270000007, 'xmax': -95.18381469999997, 'ymax': 29.661060270000007}"
18300 HOUSTON METHODIST DR,NOT AVAILABLE,178,HOUSTON,USA,HARRIS,48201,Y,39377058,29.54924852,-95.08676363,622110,GENERAL MEDICAL AND SURGICAL HOSPITALS,HOUSTON METHODIST CLEAR LAKE HOSPITAL,14109,NON-PROFIT,178,https://www.hhs.texas.gov/providers/health-care-facilities-regulation,459016192,TX,100241,OPEN,48,(281) 333-8865,NOT AVAILABLE,-999,GENERAL ACUTE CARE,420996096,IMAGERY,NOT AVAILABLE,77058,NOT AVAILABLE,b'\x00\x00\x00\x00\x01\xc0W\xc5\x8d\x89\nUD@=\x8c\x9b\x8d\x0e\xc6\xd0',"{'xmin': -95.08676363000001, 'ymin': 29.54924852000005, 'xmax': -95.08676363000001, 'ymax': 29.54924852000005}"
4401 GARTH RD,NOT AVAILABLE,230,BAYTOWN,USA,HARRIS,48201,Y,4677521,29.76911627,-94.97971661,622110,GENERAL MEDICAL AND SURGICAL HOSPITALS,HOUSTON METHODIST BAYTOWN HOSPITAL,14108,NON-PROFIT,230,https://www.hhs.texas.gov/providers/health-care-facilities-regulation,459016192,TX,405,OPEN,48,(281) 420-8600,NOT AVAILABLE,-999,GENERAL ACUTE CARE,420996096,IMAGERY,NOT AVAILABLE,77521,NOT AVAILABLE,b'\x00\x00\x00\x00\x01\xc0W\xbe\xb3\xadK\xd3\x10@=\xc4\xe4\xcd\xcax\xc0',"{'xmin': -94.97971660999997, 'ymin': 29.76911627000004, 'xmax': -94.97971660999997, 'ymax': 29.76911627000004}"
18220 STATE HIGHWAY 249,NOT AVAILABLE,358,HOUSTON,USA,HARRIS,48201,Y,138177070,29.96646877,-95.55114453,622110,GENERAL MEDICAL AND SURGICAL HOSPITALS,HOUSTON METHODIST WILLOWBROOK HOSPITAL,14115,NON-PROFIT,358,https://www.hhs.texas.gov/providers/health-care-facilities-regulation,459016192,TX,7247,OPEN,48,(281) 737-1000,NOT AVAILABLE,-999,GENERAL ACUTE CARE,1867192320,IMAGERY/OTHER,http://www.houstonmethodist.org/willowbrook-hospital,77070,4318,b'\x00\x00\x00\x00\x01\xc0W\xe3E\xf3\xb4\xee\x08@=\xf7j\x7fO\xc1`',"{'xmin': -95.55114452999999, 'ymin': 29.966468770000006, 'xmax': -95.55114452999999, 'ymax': 29.966468770000006}"
710 CYPRESS CREEK PARKWAY,NOT AVAILABLE,417,HOUSTON,USA,HARRIS,48201,Y,25777090,30.0204405,-95.44271418,622110,GENERAL MEDICAL AND SURGICAL HOSPITALS,HCA HOUSTON HEALTHCARE NORTHWEST,14091,PROPRIETARY,417,https://www.hhs.texas.gov/providers/health-care-facilities-regulation,459016192,TX,8655,OPEN,48,(281) 440-1000,LEVEL III,-999,GENERAL ACUTE CARE,-183803904,IMAGERY,http://www.hnmc.com,77090,NOT AVAILABLE,b'\x00\x00\x00\x00\x01\xc0W\xdcUm\xdb$\xd4@>\x05;\x96\xaf\x03\x90',"{'xmin': -95.44271418, 'ymin': 30.020440500000007, 'xmax': -95.44271418, 'ymax': 30.020440500000007}"
18951 MEMORIAL NORTH,NOT AVAILABLE,242,HUMBLE,USA,HARRIS,48201,Y,29877091,29.99551204,-95.27612889,622110,GENERAL MEDICAL AND SURGICAL HOSPITALS,MEMORIAL HERMANN NORTHEAST HOSPITAL,14189,NON-PROFIT,242,https://www.hhs.texas.gov/providers/health-care-facilities-regulation,459016192,TX,8471,OPEN,48,(281) 540-7700,NOT AVAILABLE,-999,GENERAL ACUTE CARE,-1281971200,IMAGERY,http://www.memorialhermann.org/locations/northeast/,77338,NOT AVAILABLE,b'\x00\x00\x00\x00\x01\xc0W\xd1\xac\x18\x82\x01\xf8@=\xfe\xd9\xe0\x86\x93\x10',"{'xmin': -95.27612889, 'ymin': 29.99551204000005, 'xmax': -95.27612889, 'ymax': 29.99551204000005}"
605 HOLDERRIETH BOULEVARD,NOT AVAILABLE,350,TOMBALL,USA,HARRIS,48201,Y,52377375,30.08730408,-95.62369558,622110,GENERAL MEDICAL AND SURGICAL HOSPITALS,HCA HOUSTON HEALTHCARE TOMBALL,14094,PROPRIETARY,350,https://www.hhs.texas.gov/providers/health-care-facilities-regulation,459016192,TX,100409,OPEN,48,(281) 401-7500,LEVEL III,-999,GENERAL ACUTE CARE,420996096,IMAGERY,http://www.tomballregionalmedicalcenter.com,77375,NOT AVAILABLE,b'\x00\x00\x00\x00\x01\xc0W\xe7\xea\xa0\xdd\xb0\xa0@>\x16Y\x8fhhP',"{'xmin': -95.62369558, 'ymin': 30.087304080000024, 'xmax': -95.62369558, 'ymax': 30.087304080000024}"
17201 I-45 SOUTH,NOT AVAILABLE,187,THE WOODLANDS,USA,MONTGOMERY,48339,Y,169177385,30.20559469,-95.45380015,622110,GENERAL MEDICAL AND SURGICAL HOSPITALS,HOUSTON METHODIST THE WOODLANDS HOSPITAL,14113,NON-PROFIT,187,https://www.hhs.texas.gov/providers/health-care-facilities-regulation,459016192,TX,100386,OPEN,48,(936) 270-2000,NOT AVAILABLE,-999,GENERAL ACUTE CARE,-1713128448,IMAGERY/OTHER,http://www.houstonmethodist.org/locations/the-woodlands/,77385,NOT AVAILABLE,b'\x00\x00\x00\x00\x01\xc0W\xdd\x0b\x0f\xc8\xca\xe0@>4\xa1\xda\x85\xc8\x10',"{'xmin': -95.45380015, 'ymin': 30.205594690000055, 'xmax': -95.45380015, 'ymax': 30.205594690000055}"
22999 US HIGHWAY 59,NOT AVAILABLE,457,KINGWOOD,USA,MONTGOMERY,48339,Y,33177339,30.05006848,-95.25507558,622110,GENERAL MEDICAL AND SURGICAL HOSPITALS,HCA HOUSTON HEALTHCARE KINGWOOD,14087,PROPRIETARY,457,https://www.hhs.texas.gov/providers/health-care-facilities-regulation,459016192,TX,675,OPEN,48,(281) 348-8001,LEVEL III,-999,GENERAL ACUTE CARE,420996096,IMAGERY/OTHER,NOT AVAILABLE,77339,NOT AVAILABLE,b'\x00\x00\x00\x00\x01\xc0W\xd0S(\x86\x86\xec@>\x0c\xd1I\xb4) ',"{'xmin': -95.25507557999998, 'ymin': 30.05006848000005, 'xmax': -95.25507557999998, 'ymax': 30.05006848000005}"
504 MEDICAL CENTER BOULEVARD,NOT AVAILABLE,328,CONROE,USA,MONTGOMERY,48339,Y,11877304,30.28472392,-95.46800492,622110,GENERAL MEDICAL AND SURGICAL HOSPITALS,HCA HOUSTON HEALTHCARE CONROE,14086,PROPRIETARY,328,https://www.hhs.texas.gov/providers/health-care-facilities-regulation,459016192,TX,508,OPEN,48,(936) 539-1111,LEVEL II,-999,GENERAL ACUTE CARE,-1281971200,IMAGERY/OTHER,http://conroeregional.com/,77304,NOT AVAILABLE,b'\x00\x00\x00\x00\x01\xc0W\xdd\xf3\xca\xe8q\x18@>H\xe3\xaa\xb4\xca\x00',"{'xmin': -95.46800492, 'ymin': 30.284723920000033, 'xmax': -95.46800492, 'ymax': 30.284723920000033}"
110 MEMORIAL HOSPITAL DRIVE,NOT AVAILABLE,123,HUNTSVILLE,USA,WALKER,48471,Y,30377338,30.69854999,-95.55898696,622110,GENERAL MEDICAL AND SURGICAL HOSPITALS,HUNTSVILLE MEMORIAL HOSPITAL,14118,NON-PROFIT,123,https://www.hhs.texas.gov/providers/health-care-facilities-regulation,459016192,TX,100511,OPEN,48,(936) 291-3411,LEVEL IV,-999,GENERAL ACUTE CARE,420996096,IMAGERY/OTHER,http://www.huntsvillememorial.com,77340,NOT AVAILABLE,"b'\x00\x00\x00\x00\x01\xc0W\xe3\xc6q>\x05\xc8@>\xb2\xd4,\x11\xab\xd0'","{'xmin': -95.55898695999997, 'ymin': 30.698549990000004, 'xmax': -95.55898695999997, 'ymax': 30.698549990000004}"
505 SOUTH JOHN REDDITT DRIVE,NOT AVAILABLE,149,LUFKIN,USA,ANGELINA,48005,Y,36075904,31.32839947,-94.75405884,622110,GENERAL MEDICAL AND SURGICAL HOSPITALS,WOODLAND HEIGHTS MEDICAL CENTER,14473,PROPRIETARY,149,https://www.hhs.texas.gov/providers/health-care-facilities-regulation,459016192,TX,481,OPEN,48,(936) 637-8501,LEVEL IV,-999,GENERAL ACUTE CARE,420996096,IMAGERY,NOT AVAILABLE,75904,NOT AVAILABLE,b'\x00\x00\x00\x00\x01\xc0W\xb0B\x80\x02C\xd0@?T\x11\xfc\xd7\xac\x80',"{'xmin': -94.75405883999997, 'ymin': 31.328399470000022, 'xmax': -94.75405883999997, 'ymax': 31.328399470000022}"
1201 W FRANK AVE,NOT AVAILABLE,279,LUFKIN,USA,ANGELINA,48005,Y,36475902,31.33619133,-94.74185468,622110,GENERAL MEDICAL AND SURGICAL HOSPITALS,CHI ST LUKES HEALTH MEMORIAL LUFKIN,13948,NON-PROFIT,279,https://www.hhs.texas.gov/providers/health-care-facilities-regulation,459016192,TX,129,OPEN,48,(936) 634-8111,LEVEL IV,-999,GENERAL ACUTE CARE,420996096,IMAGERY/OTHER,NOT AVAILABLE,75904,NOT AVAILABLE,b'\x00\x00\x00\x00\x01\xc0W\xafz\x8c\r?\x00@?V\x10\xa2\x8f\x8c\x80',"{'xmin': -94.74185467999996, 'ymin': 31.33619133000002, 'xmax': -94.74185467999996, 'ymax': 31.33619133000002}"
1204 NORTH MOUND STREET,NOT AVAILABLE,210,NACOGDOCHES,USA,NACOGDOCHES,48347,Y,39775961,31.61264109,-94.64887739,622110,GENERAL MEDICAL AND SURGICAL HOSPITALS,NACOGDOCHES MEMORIAL HOSPITAL,14232,PROPRIETARY,210,https://www.hhs.texas.gov/providers/health-care-facilities-regulation,459016192,TX,100544,OPEN,48,(936) 564-4611,LEVEL III,-999,GENERAL ACUTE CARE,-11003904,IMAGERY,http://www.nacmem.org,75961,NOT AVAILABLE,b'\x00\x00\x00\x00\x01\xc0W\xa9\x875\x08J|@?\x9c\xd6\x0b\xe5\xbc`',"{'xmin': -94.64887739, 'ymin': 31.61264109000001, 'xmax': -94.64887739, 'ymax': 31.61264109000001}"
501 SOUTH RAGSDALE STREET,NOT AVAILABLE,72,JACKSONVILLE,USA,CHEROKEE,48073,Y,31175766,31.9602855,-95.27039992,622110,GENERAL MEDICAL AND SURGICAL HOSPITALS,UT HEALTH EAST TEXAS JACKSONVILLE HOSPITAL,14439,PROPRIETARY,72,https://www.hhs.texas.gov/providers/health-care-facilities-regulation,459016192,TX,100429,OPEN,48,(903) 541-5083,LEVEL IV,-999,GENERAL ACUTE CARE,420996096,IMAGERY,http://www.etmc.org,75766,NOT AVAILABLE,b'\x00\x00\x00\x00\x01\xc0W\xd1N;wOl@?\xf5\xd5EAR\xc0',"{'xmin': -95.27039991999999, 'ymin': 31.960285500000055, 'xmax': -95.27039991999999, 'ymax': 31.960285500000055}"
1000 SOUTH BECKHAM AVENUE,NOT AVAILABLE,424,TYLER,USA,SMITH,48423,Y,53975711,32.33847952,-95.2907682,622110,GENERAL MEDICAL AND SURGICAL HOSPITALS,UT HEALTH EAST TEXAS TYLER REGIONAL HOSPITAL,14444,PROPRIETARY,424,https://www.hhs.texas.gov/providers/health-care-facilities-regulation,459016192,TX,100433,OPEN,48,(903) 597-0351,LEVEL I,-999,GENERAL ACUTE CARE,420996096,IMAGERY/OTHER,http://www.etmc.org,75701,NOT AVAILABLE,b'\x00\x00\x00\x00\x01\xc0W\xd2\x9b\xf29m\xe0@@+SL\x02b\x08',"{'xmin': -95.2907682, 'ymin': 32.33847952000002, 'xmax': -95.2907682, 'ymax': 32.33847952000002}"
4920 N E STALLINGS DRIVE,NOT AVAILABLE,161,NACOGDOCHES,USA,NACOGDOCHES,48347,Y,40375965,31.65314431,-94.65387312,622110,GENERAL MEDICAL AND SURGICAL HOSPITALS,NACOGDOCHES MEDICAL CENTER,14231,PROPRIETARY,161,https://www.hhs.texas.gov/providers/health-care-facilities-regulation,459016192,TX,392,OPEN,48,(936) 569-9481,LEVEL IV,-999,GENERAL ACUTE CARE,420996096,IMAGERY/OTHER,http://www.nacmedicalcenter.com,75965,NOT AVAILABLE,b'\x00\x00\x00\x00\x01\xc0W\xa9\xd9\x0e\xa4\x88\x88@?\xa74w+\x04\xc0',"{'xmin': -94.65387311999996, 'ymin': 31.653144310000016, 'xmax': -94.65387311999996, 'ymax': 31.653144310000016}"
300 WILSON STREET,NOT AVAILABLE,96,HENDERSON,USA,RUSK,48401,Y,24675652,32.16095,-94.79561836,622110,GENERAL MEDICAL AND SURGICAL HOSPITALS,UT HEALTH EAST TEXAS HENDERSON HOSPITAL,14438,PROPRIETARY,96,https://www.hhs.texas.gov/providers/health-care-facilities-regulation,459016192,TX,100428,OPEN,48,(903) 657-7541,LEVEL IV,-999,GENERAL ACUTE CARE,420996096,IMAGERY,http://www.etmc.org/etmchenderson/,75652,NOT AVAILABLE,b'\x00\x00\x00\x00\x01\xc0W\xb2\xebiE\x13\x04@@\x14\x9a\x02u%H',"{'xmin': -94.79561835999999, 'ymin': 32.160950000000014, 'xmax': -94.79561835999999, 'ymax': 32.160950000000014}"
2301 WORTH ST,NOT AVAILABLE,25,HEMPHILL,USA,SABINE,48403,Y,24575948,31.33380873,-93.86296451,622110,GENERAL MEDICAL AND SURGICAL HOSPITALS,SABINE COUNTY HOSPITAL,14307,PROPRIETARY,25,https://www.hhs.texas.gov/providers/health-care-facilities-regulation,459016192,TX,8645,OPEN,48,(409) 787-3300,LEVEL IV,-999,CRITICAL ACCESS,-183803904,IMAGERY/OTHER,http://sabinecountyhospital.com/,75948,NOT AVAILABLE,b'\x00\x00\x00\x00\x01\xc0Ww:\xcf\x7f\x03\xc0@?Ut}*x0',"{'xmin': -93.86296450999998, 'ymin': 31.333808730000044, 'xmax': -93.86296450999998, 'ymax': 31.333808730000044}"
2901 NORTH FOURTH STREET,NOT AVAILABLE,224,LONGVIEW,USA,GREGG,48183,Y,35075607,32.53288504,-94.7305141,622110,GENERAL MEDICAL AND SURGICAL HOSPITALS,LONGVIEW REGIONAL MEDICAL CENTER,14161,PROPRIETARY,224,https://www.hhs.texas.gov/providers/health-care-facilities-regulation,459016192,TX,525,OPEN,48,(903) 758-1818,LEVEL III,-999,GENERAL ACUTE CARE,420996096,IMAGERY/OTHER,http://www.longviewregional.com,75605,NOT AVAILABLE,b'\x00\x00\x00\x00\x01\xc0W\xae\xc0\xbe61\x14@@D5\x93\xb5\xa9\xf8',"{'xmin': -94.7305141, 'ymin': 32.53288504000005, 'xmax': -94.7305141, 'ymax': 32.53288504000005}"
2001 NORTH JEFFERSON,NOT AVAILABLE,174,MOUNT PLEASANT,USA,TITUS,48449,Y,39275455,33.17559939,-94.97117494,622110,GENERAL MEDICAL AND SURGICAL HOSPITALS,TITUS REGIONAL MEDICAL CENTER,14418,NON-PROFIT,174,https://www.hhs.texas.gov/providers/health-care-facilities-regulation,459016192,TX,137,OPEN,48,(903) 577-6000,LEVEL III,-999,GENERAL ACUTE CARE,-1281971200,IMAGERY,NOT AVAILABLE,75455,NOT AVAILABLE,"b""\x00\x00\x00\x00\x01\xc0W\xbe'\xba\xef\x7f\xa8@@\x96z\nr\x9f\xb0""","{'xmin': -94.97117493999997, 'ymin': 33.17559939, 'xmax': -94.97117493999997, 'ymax': 33.17559939}"
1000 PINE,NOT AVAILABLE,370,TEXARKANA,USA,BOWIE,48037,Y,51775501,33.42891417,-94.04762712,622110,GENERAL MEDICAL AND SURGICAL HOSPITALS,WADLEY REGIONAL MEDICAL CENTER,14457,PROPRIETARY,370,https://www.hhs.texas.gov/providers/health-care-facilities-regulation,459016192,TX,100002,OPEN,48,(903) 798-8000,LEVEL III,-999,GENERAL ACUTE CARE,161796096,IMAGERY,NOT AVAILABLE,75501,NOT AVAILABLE,b'\x00\x00\x00\x00\x01\xc0W\x83\x0cR\x9e\xb3\\@@\xb6\xe6\xa8\xd6xx',"{'xmin': -94.04762711999996, 'ymin': 33.42891417000004, 'xmax': -94.04762711999996, 'ymax': 33.42891417000004}"
2600 ST MICHAEL DRIVE,NOT AVAILABLE,311,TEXARKANA,USA,BOWIE,48037,Y,53075504,33.46417889,-94.0754934,622110,GENERAL MEDICAL AND SURGICAL HOSPITALS,CHRISTUS ST MICHAEL HEALTH SYSTEM,13976,NON-PROFIT,311,https://www.hhs.texas.gov/providers/health-care-facilities-regulation,459016192,TX,788,OPEN,48,(903) 614-2211,LEVEL III,-999,GENERAL ACUTE CARE,420996096,IMAGERY/OTHER,NOT AVAILABLE,75503,NOT AVAILABLE,b'\x00\x00\x00\x00\x01\xc0W\x84\xd4\xe2E\x04\x14@@\xbbj6\xc0\x05\x98',"{'xmin': -94.07549339999997, 'ymin': 33.46417889000003, 'xmax': -94.07549339999997, 'ymax': 33.46417889000003}"
708 SOUTH FIRST STREET,NOT AVAILABLE,25,MULESHOE,USA,BAILEY,48017,Y,39679347,34.2212693,-102.728677,622110,GENERAL MEDICAL AND SURGICAL HOSPITALS,MULESHOE AREA MEDICAL CENTER,14230,PROPRIETARY,25,https://www.hhs.texas.gov/providers/health-care-facilities-regulation,459016192,TX,100303,OPEN,48,(806) 272-4524,NOT AVAILABLE,-999,CRITICAL ACCESS,420996096,IMAGERY,http://www.mahdtx.org,79347,NOT AVAILABLE,b'\x00\x00\x00\x00\x01\xc0Y\xae\xa2\xa5\x10\xc6 @A\x1cR\x8dk\x8d\xf0',"{'xmin': -102.72867704999999, 'ymin': 34.22126930000002, 'xmax': -102.72867704999999, 'ymax': 34.22126930000002}"
1500 SOUTH SUNSET,NOT AVAILABLE,75,LITTLEFIELD,USA,LAMB,48279,Y,34479339,33.91170687,-102.3442949,622110,GENERAL MEDICAL AND SURGICAL HOSPITALS,LAMB HEALTHCARE CENTER,14144,NON-PROFIT,75,https://www.hhs.texas.gov/providers/health-care-facilities-regulation,459016192,TX,217,OPEN,48,(806) 385-6411,LEVEL IV,-999,GENERAL ACUTE CARE,593796096,IMAGERY,NOT AVAILABLE,79339,NOT AVAILABLE,b'\x00\x00\x00\x00\x01\xc0Y\x96\x08\xed\x84\xa8D@@\xf4\xb2\xcf\x8b\x18(',"{'xmin': -102.34429490999997, 'ymin': 33.911706870000046, 'xmax': -102.34429490999997, 'ymax': 33.911706870000046}"
2601 DIMMIT ROAD,NOT AVAILABLE,68,PLAINVIEW,USA,HALE,48189,Y,41979072,34.20675672,-101.7329456,622110,GENERAL MEDICAL AND SURGICAL HOSPITALS,COVENANT HOSPITAL PLAINVIEW,14010,NON-PROFIT,68,https://www.hhs.texas.gov/providers/health-care-facilities-regulation,459016192,TX,146,OPEN,48,(806) 296-4265,LEVEL IV,-999,GENERAL ACUTE CARE,420996096,IMAGERY,NOT AVAILABLE,79072,NOT AVAILABLE,b'\x00\x00\x00\x00\x01\xc0Yn\xe8\x94\xdf\x1f\xb4@A\x1aw\x01\x13Pp',"{'xmin': -101.73294564999998, 'ymin': 34.206756720000044, 'xmax': -101.73294564999998, 'ymax': 34.206756720000044}"
320 NORTH MAIN STREET,NOT AVAILABLE,25,LOCKNEY,USA,FLOYD,48153,Y,34779241,34.12707748,-101.4412453,622110,GENERAL MEDICAL AND SURGICAL HOSPITALS,W J MANGOLD MEMORIAL HOSPITAL,14456,NON-PROFIT,25,https://www.hhs.texas.gov/providers/health-care-facilities-regulation,459016192,TX,10,OPEN,48,(806) 652-3373,NOT AVAILABLE,-999,CRITICAL ACCESS,420996096,IMAGERY/OTHER,NOT AVAILABLE,79241,NOT AVAILABLE,b'\x00\x00\x00\x00\x01\xc0Y\\=\\\xc2M\xc0@A\x10D\x13*T@',"{'xmin': -101.44124525999996, 'ymin': 34.127077480000025, 'xmax': -101.44124525999996, 'ymax': 34.127077480000025}"
310 WEST HALSELL,NOT AVAILABLE,17,DIMMITT,USA,CASTRO,48069,Y,16779027,34.55609028,-102.3159599,622110,GENERAL MEDICAL AND SURGICAL HOSPITALS,PLAINS MEMORIAL HOSPITAL,14292,NON-PROFIT,17,https://www.hhs.texas.gov/providers/health-care-facilities-regulation,459016192,TX,260,OPEN,48,(806) 647-2191,LEVEL IV,-999,CRITICAL ACCESS,-1134203904,IMAGERY/OTHER,NOT AVAILABLE,79027,NOT AVAILABLE,b'\x00\x00\x00\x00\x01\xc0Y\x948\xaf\xea\x13\x04@AG-\xf7_\x1c\xa0',"{'xmin': -102.31595991, 'ymin': 34.556090280000035, 'xmax': -102.31595991, 'ymax': 34.556090280000035}"
540 WEST 15TH STREET,NOT AVAILABLE,42,HEREFORD,USA,DEAF SMITH,48117,Y,137779045,34.83951878,-102.4139875,622110,GENERAL MEDICAL AND SURGICAL HOSPITALS,HEREFORD REGIONAL MEDICAL CENTER,14103,NON-PROFIT,42,https://www.hhs.texas.gov/providers/health-care-facilities-regulation,459016192,TX,100121,OPEN,48,(806) 364-2141,LEVEL IV,-999,GENERAL ACUTE CARE,1867192320,IMAGERY/OTHER,NOT AVAILABLE,79045,2820,b'\x00\x00\x00\x00\x01\xc0Y\x9a~\xc5M&\xa4@AkuY\xf4=0',"{'xmin': -102.41398747, 'ymin': 34.83951878000005, 'xmax': -102.41398747, 'ymax': 34.83951878000005}"
1501 S COULTER STREET,NOT AVAILABLE,385,AMARILLO,USA,POTTER,48375,Y,5979175,35.19966943,-101.9202347,622110,GENERAL MEDICAL AND SURGICAL HOSPITALS,NORTHWEST TEXAS HOSPITAL,14247,PROPRIETARY,385,https://www.hhs.texas.gov/providers/health-care-facilities-regulation,459016192,TX,318,OPEN,48,(806) 354-1000,LEVEL III,-999,GENERAL ACUTE CARE,420996096,IMAGERY/OTHER,NOT AVAILABLE,79106,NOT AVAILABLE,b'\x00\x00\x00\x00\x01\xc0Yz\xe5 @<X@A\x99\x8e\xc4\x93\xee8',"{'xmin': -101.92023473999996, 'ymin': 35.19966943000003, 'xmax': -101.92023473999996, 'ymax': 35.19966943000003}"
100 MEDICAL DRIVE,NOT AVAILABLE,25,BORGER,USA,HUTCHINSON,48233,Y,137479007,35.65513819,-101.4091807,622110,GENERAL MEDICAL AND SURGICAL HOSPITALS,GOLDEN PLAINS COMMUNITY HOSPITAL,14072,PROPRIETARY,25,https://www.hhs.texas.gov/providers/health-care-facilities-regulation,459016192,TX,100111,OPEN,48,(806) 467-5700,LEVEL IV,-999,CRITICAL ACCESS,1867192320,IMAGERY/OTHER,http://www.goldenplains.org,79007,7579,b'\x00\x00\x00\x00\x01\xc0YZ0\x04\x1e\xf3\x88@A\xd3\xdb\x91v4\x90',"{'xmin': -101.40918066999996, 'ymin': 35.65513819, 'xmax': -101.40918066999996, 'ymax': 35.65513819}"
1411 DENVER AVENUE,NOT AVAILABLE,21,DALHART,USA,HARTLEY,48205,N,13775204,36.05126131,-102.5214838,622110,GENERAL MEDICAL AND SURGICAL HOSPITALS,COON MEMORIAL HOSPITAL AND HOME,14000,NON-PROFIT,21,https://www.hhs.texas.gov/providers/health-care-facilities-regulation,459016192,TX,262,OPEN,48,(806) 244-9267,LEVEL IV,-999,CRITICAL ACCESS,-1134203904,IMAGERY,http://dhchd.org/coon-memorial-hospital,79022,NOT AVAILABLE,b'\x00\x00\x00\x00\x01\xc0Y\xa1_\xfd\xb6\xcf\x88@B\x06\x8f\xbb\t\x00\x08',"{'xmin': -102.52148382999997, 'ymin': 36.05126131000003, 'xmax': -102.52148382999997, 'ymax': 36.05126131000003}"
224 EAST SECOND STREET,NOT AVAILABLE,25,DUMAS,USA,MOORE,48341,N,16879029,35.86449556,-101.9705582,622110,GENERAL MEDICAL AND SURGICAL HOSPITALS,MEMORIAL HOSPITAL,14201,NON-PROFIT,25,https://www.hhs.texas.gov/providers/health-care-facilities-regulation,459016192,TX,199,OPEN,48,(806) 934-7801,LEVEL IV,-999,CRITICAL ACCESS,-1134203904,IMAGERY,NOT AVAILABLE,79029,NOT AVAILABLE,b'\x00\x00\x00\x00\x01\xc0Y~\x1d\xa0\x03\xc1\x00@A\xee\xa7\xca^\xde`',"{'xmin': -101.97055817, 'ymin': 35.86449556000002, 'xmax': -101.97055817, 'ymax': 35.86449556000002}"
901 US HIGHWAY 83 N,NOT AVAILABLE,39,CHILDRESS,USA,CHILDRESS,48075,Y,10579201,34.43926678,-100.2267333,622110,"CHILDREN'S HOSPITALS, GENERAL",CHILDRESS REGIONAL MEDICAL CENTER,13953,NON-PROFIT,39,https://www.hhs.texas.gov/providers/health-care-facilities-regulation,459016192,TX,26,OPEN,48,(940) 937-6371,LEVEL IV,-999,CHILDREN,-1220603904,IMAGERY/OTHER,NOT AVAILABLE,79201,NOT AVAILABLE,b'\x00\x00\x00\x00\x01\xc0Y\x0e\x82\xccc\x1a\x80@A89\xe4\xd3(\xe0',"{'xmin': -100.22673329999998, 'ymin': 34.439266780000025, 'xmax': -100.22673329999998, 'ymax': 34.439266780000025}"
920 HILLCREST DRIVE,NOT AVAILABLE,28,VERNON,USA,WILBARGER,48487,Y,54576384,34.15861525,-99.31516051,622110,GENERAL MEDICAL AND SURGICAL HOSPITALS,WILBARGER GENERAL HOSPITAL,14465,NON-PROFIT,28,https://www.hhs.texas.gov/providers/health-care-facilities-regulation,459016192,TX,84,OPEN,48,(940) 552-9351,LEVEL IV,-999,GENERAL ACUTE CARE,420996096,IMAGERY,http://www.wghospital.com,76384,NOT AVAILABLE,"b""\x00\x00\x00\x00\x01\xc0X\xd4+\x96\xfc\xdc4@A\x14M\x81'\xb2\xd0""","{'xmin': -99.31516051, 'ymin': 34.158615250000025, 'xmax': -99.31516051, 'ymax': 34.158615250000025}"
1600 11TH STREET,NOT AVAILABLE,275,WICHITA FALLS,USA,WICHITA,48485,Y,56676301,33.90243058,-98.50198079,622110,GENERAL MEDICAL AND SURGICAL HOSPITALS,UNITED REGIONAL HEALTH CARE SYSTEM,14431,NON-PROFIT,275,https://www.hhs.texas.gov/providers/health-care-facilities-regulation,459016192,TX,417,OPEN,48,(940) 764-7000,LEVEL II,-999,GENERAL ACUTE CARE,420996096,IMAGERY/OTHER,http://www.urhcs.org,76301,NOT AVAILABLE,b'\x00\x00\x00\x00\x01\xc0X\xa0 t\t\x11L@@\xf3\x82\xd8b\x01X',"{'xmin': -98.50198079, 'ymin': 33.90243058000004, 'xmax': -98.50198079, 'ymax': 33.90243058000004}"
901 SWEETWATER STREET,NOT AVAILABLE,16,WHEELER,USA,WHEELER,48483,Y,56979096,35.43933961,-100.2703597,622110,GENERAL MEDICAL AND SURGICAL HOSPITALS,PARKVIEW HOSPITAL,14283,NON-PROFIT,16,https://www.hhs.texas.gov/providers/health-care-facilities-regulation,459016192,TX,116,OPEN,48,(806) 826-5581,LEVEL IV,-999,CRITICAL ACCESS,161796096,IMAGERY/OTHER,NOT AVAILABLE,79096,NOT AVAILABLE,b'\x00\x00\x00\x00\x01\xc0Y\x11M\x92\xba\xad8@A\xb8<G\xc4d\xd0',"{'xmin': -100.27035968999996, 'ymin': 35.43933961000005, 'xmax': -100.27035968999996, 'ymax': 35.43933961000005}"
3101 GARRETT DRIVE,NOT AVAILABLE,25,PERRYTON,USA,OCHILTREE,48357,Y,42479070,36.36988585,-100.798789,622110,GENERAL MEDICAL AND SURGICAL HOSPITALS,OCHILTREE GENERAL HOSPITAL,14252,NON-PROFIT,25,https://www.hhs.texas.gov/providers/health-care-facilities-regulation,459016192,TX,98,OPEN,48,(806) 435-3606,LEVEL IV,-999,CRITICAL ACCESS,420996096,IMAGERY,http://www.ochiltreehospital.com,79070,NOT AVAILABLE,b'\x00\x00\x00\x00\x01\xc0Y3\x1f[\xe5\xd9\xe4@B/Xkf\x80h',"{'xmin': -100.798789, 'ymin': 36.36988585, 'xmax': -100.798789, 'ymax': 36.36988585}"
